DATE,GAME,TEAM_ID,OPP_ID,VENUE,RESULT
20231106,0,1,154,65,5
20231110,1,1,145,65,-20
20231114,2,1,160,72,-5
20231117,3,1,183,78,6
20231119,4,1,73,78,14
20231120,5,1,131,78,-18
20231129,6,1,232,65,-15
20231202,7,1,203,72,-5
20231206,8,1,148,72,-2
20231217,9,1,234,72,6
20231221,10,1,246,65,-10
20231106,0,241,159,72,-7
20231110,1,241,112,65,15
20231112,2,241,262,65,-8
20231116,3,241,110,72,18
20231117,4,241,219,72,9
20231119,5,241,291,72,2
20231122,6,241,344,72,10
20231126,7,241,321,65,1
20231203,8,241,313,65,22
20231209,9,241,64,72,-5
20231216,10,241,232,78,-3
20231221,11,241,306,72,-4
20231106,0,224,189,65,6
20231110,1,224,325,72,18
20231119,2,224,71,78,6
20231120,3,224,337,78,-3
20231121,4,224,55,78,-20
20231128,5,224,293,65,-2
20231205,6,224,20,72,15
20231209,7,224,150,65,1
20231221,8,224,75,72,4
20231106,0,225,134,72,32
20231110,1,225,92,72,22
20231114,2,225,318,72,56
20231117,3,225,124,72,31
20231124,4,225,221,78,-11
20231125,5,225,310,78,8
20231128,6,225,40,72,-8
20231204,7,225,8,72,24
20231209,8,225,164,78,-6
20231216,9,225,50,65,-3
20231220,10,225,245,78,-13
20231223,11,225,62,72,44
20231109,0,2,297,65,-16
20231118,1,2,111,65,-25
20231121,2,2,9,65,-30
20231124,3,2,60,78,-11
20231125,4,2,41,65,-27
20231129,5,2,209,72,2
20231202,6,2,341,65,-19
20231209,7,2,78,65,-21
20231211,8,2,181,65,-27
20231213,9,2,244,72,-11
20231216,10,2,228,72,-16
20231221,11,2,318,65,-16
20231106,0,3,226,65,-10
20231110,1,3,198,65,-31
20231117,2,3,284,65,-17
20231122,3,3,181,65,-32
20231124,4,3,143,78,15
20231125,5,3,125,78,6
20231213,6,3,114,65,-18
20231219,7,3,323,72,-20
20231222,8,3,9,65,-20
20231107,0,199,282,65,-21
20231111,1,199,47,65,3
20231115,2,199,186,65,-25
20231119,3,199,167,65,-3
20231121,4,199,242,78,3
20231126,5,199,187,65,35
20231129,6,199,18,72,14
20231202,7,199,51,72,5
20231210,8,199,208,78,-5
20231216,9,199,56,65,-19
20231219,10,199,172,72,14
20231222,11,199,322,65,-16
20231228,12,199,112,65,17
20231106,0,4,246,65,-34
20231114,1,4,8,65,-14
20231116,2,4,244,65,-3
20231119,3,4,127,65,-32
20231121,4,4,214,65,-19
20231122,5,4,232,65,-13
20231124,6,4,40,65,-21
20231210,7,4,343,65,-28
20231212,8,4,281,65,-40
20231217,9,4,307,65,-18
20231219,10,4,55,65,-37
20231221,11,4,220,65,-4
20231106,0,5,342,65,-27
20231109,1,5,219,65,-19
20231113,2,5,187,72,20
20231116,3,5,138,72,14
20231119,4,5,77,65,-5
20231122,5,5,136,72,3
20231129,6,5,85,65,-5
20231202,7,5,174,72,-2
20231206,8,5,176,65,-16
20231209,9,5,344,65,8
20231221,10,5,345,65,-22
20231111,0,6,149,65,-13
20231114,1,6,157,65,-10
20231121,2,6,302,78,30
20231122,3,6,137,78,10
20231126,4,6,10,72,20
20231129,5,6,60,72,11
20231203,6,6,9,72,5
20231213,7,6,166,65,12
20231216,8,6,75,78,21
20231221,9,6,298,78,-13
20231106,0,245,135,72,63
20231110,1,245,57,65,5
20231113,2,245,195,72,38
20231117,3,245,14,72,32
20231119,4,245,232,72,45
20231123,5,245,127,78,6
20231202,6,245,43,72,27
20231209,7,245,332,72,25
20231216,8,245,164,78,-8
20231220,9,245,225,78,13
20231223,10,245,69,78,-1
20231108,0,7,129,78,-15
20231111,1,7,215,72,11
20231116,2,7,283,72,2
20231123,3,7,21,78,-28
20231124,4,7,341,78,15
20231129,5,7,180,72,17
20231203,6,7,317,72,11
20231206,7,7,194,72,2
20231209,8,7,316,65,-5
20231216,9,7,214,78,-20
20231220,10,7,152,78,-19
20231106,0,246,4,72,34
20231110,1,246,75,72,18
20231113,2,246,155,72,9
20231117,3,246,301,72,-6
20231122,4,246,197,78,3
20231123,5,246,284,78,-5
20231124,6,246,299,78,-15
20231129,7,246,57,72,5
20231204,8,246,74,72,14
20231209,9,246,309,78,-9
20231216,10,246,111,72,3
20231221,11,246,1,72,10
20231106,0,248,288,65,-22
20231113,1,248,256,65,2
20231118,2,248,335,72,-19
20231121,3,248,287,65,-19
20231124,4,248,11,65,-18
20231130,5,248,309,65,-21
20231205,6,248,81,65,-40
20231209,7,248,260,65,-38
20231212,8,248,322,65,-18
20231106,0,8,332,65,-29
20231111,1,8,19,65,-6
20231114,2,8,4,72,14
20231117,3,8,198,65,-14
20231124,4,8,316,78,-14
20231125,5,8,231,78,17
20231128,6,8,97,72,-4
20231201,7,8,247,65,-11
20231204,8,8,225,65,-24
20231209,9,8,244,72,19
20231213,10,8,277,65,12
20231220,11,8,14,65,-4
20231106,0,242,120,72,-16
20231109,1,242,205,65,-13
20231112,2,242,93,65,-8
20231117,3,242,167,72,-9
20231121,4,242,199,78,-3
20231125,5,242,200,65,-7
20231129,6,242,36,72,-28
20231205,7,242,107,72,17
20231208,8,242,85,65,-6
20231217,9,242,202,72,-4
20231221,10,242,235,65,10
20231107,0,9,12,78,-6
20231110,1,9,191,72,15
20231116,2,9,308,78,24
20231117,3,9,173,78,17
20231121,4,9,2,72,30
20231129,5,9,345,72,17
20231203,6,9,6,65,-5
20231209,7,9,93,78,28
20231213,8,9,298,78,25
20231217,9,9,323,72,16
20231222,10,9,3,72,20
20231110,0,10,76,65,-22
20231117,1,10,234,65,-8
20231120,2,10,207,78,-7
20231122,3,10,33,78,3
20231126,4,10,6,65,-20
20231129,5,10,134,72,-11
20231202,6,10,209,65,-4
20231209,7,10,137,72,4
20231212,8,10,192,65,2
20231216,9,10,353,65,-1
20231222,10,10,222,72,4
20231106,0,21,88,72,47
20231110,1,21,182,72,9
20231115,2,21,191,72,57
20231118,3,21,135,72,43
20231123,4,21,7,78,28
20231124,5,21,145,78,9
20231201,6,21,29,78,29
20231205,7,21,265,72,41
20231209,8,21,328,65,-4
20231213,9,21,263,72,16
20231216,10,21,80,72,32
20231222,11,21,13,72,42
20231111,0,11,155,72,5
20231118,1,11,265,65,-24
20231121,2,11,320,72,17
20231124,3,11,248,72,18
20231128,4,11,247,65,-26
20231202,5,11,13,72,9
20231206,6,11,264,65,3
20231210,7,11,193,72,12
20231216,8,11,92,78,-11
20231221,9,11,287,65,-17
20231107,0,12,9,78,6
20231112,1,12,75,72,15
20231114,2,12,289,72,38
20231122,3,12,157,78,16
20231124,4,12,266,78,4
20231128,5,12,141,72,38
20231202,6,12,151,72,51
20231205,7,12,186,72,18
20231216,8,12,127,78,-24
20231220,9,12,57,78,-8
20231222,10,12,130,72,59
20231106,0,13,330,65,-34
20231110,1,13,101,65,-8
20231114,2,13,228,65,-8
20231117,3,13,19,65,18
20231120,4,13,134,72,-13
20231126,5,13,350,65,-4
20231129,6,13,277,65,-5
20231202,7,13,11,65,-9
20231216,8,13,265,72,-9
20231220,9,13,328,65,-42
20231222,10,13,21,65,-42
20231106,0,14,80,72,2
20231110,1,14,74,65,-23
20231117,2,14,245,65,-32
20231124,3,14,132,78,-9
20231125,4,14,311,65,5
20231126,5,14,105,78,10
20231129,6,14,307,65,20
20231202,7,14,340,72,9
20231206,8,14,111,72,1
20231209,9,14,128,65,10
20231216,10,14,181,65,-6
20231220,11,14,8,72,4
20231106,0,15,287,65,-20
20231120,1,15,38,72,6
20231124,2,15,106,78,-18
20231125,3,15,54,78,-8
20231126,4,15,113,65,-21
20231201,5,15,335,72,14
20231209,6,15,188,65,9
20231216,7,15,165,65,-23
20231220,8,15,39,65,-1
20231106,0,200,152,65,-11
20231110,1,200,312,65,-29
20231115,2,200,118,65,6
20231118,3,200,120,72,23
20231121,4,200,172,65,-14
20231125,5,200,242,72,7
20231129,6,200,43,65,-35
20231202,7,200,205,65,15
20231209,8,200,107,72,12
20231219,9,200,140,72,5
20231222,10,200,173,65,-26
20231112,0,16,317,72,5
20231119,1,16,40,65,-17
20231123,2,16,345,78,-7
20231124,3,16,343,78,4
20231126,4,16,25,78,-14
20231201,5,16,178,78,3
20231205,6,16,305,72,5
20231212,7,16,151,72,41
20231217,8,16,30,72,23
20231221,9,16,348,78,-5
20231106,0,17,66,72,19
20231110,1,17,218,65,4
20231115,2,17,315,72,7
20231118,3,17,85,72,9
20231122,4,17,46,78,-12
20231123,5,17,117,78,-3
20231129,6,17,341,65,18
20231202,7,17,145,72,-6
20231205,8,17,36,72,14
20231208,9,17,45,72,31
20231210,10,17,175,78,6
20231221,11,17,108,72,16
20231106,0,18,147,65,-9
20231110,1,18,171,65,-24
20231114,2,18,89,65,-11
20231116,3,18,23,72,16
20231121,4,18,52,65,-24
20231129,5,18,199,65,-14
20231202,6,18,172,65,21
20231206,7,18,278,72,-9
20231210,8,18,346,65,14
20231213,9,18,51,65,-7
20231222,10,18,283,72,-8
20231106,0,19,39,72,29
20231111,1,19,8,72,6
20231114,2,19,153,65,-19
20231117,3,19,13,72,-18
20231124,4,19,353,78,-7
20231125,5,19,111,78,21
20231126,6,19,35,78,4
20231202,7,19,324,65,2
20231216,8,19,289,72,10
20231219,9,19,84,72,10
20231106,0,20,244,65,2
20231111,1,20,337,72,6
20231114,2,20,207,72,23
20231120,3,20,240,78,3
20231122,4,20,234,78,4
20231125,5,20,237,72,9
20231129,6,20,137,65,-7
20231202,7,20,92,72,-8
20231205,8,20,224,65,-15
20231215,9,20,41,72,-7
20231218,10,20,58,78,-2
20231221,11,20,193,72,11
20231106,0,22,43,65,-2
20231111,1,22,118,72,-2
20231114,2,22,295,65,-18
20231119,3,22,323,65,-11
20231124,4,22,262,78,-8
20231125,5,22,289,78,10
20231126,6,22,222,78,-5
20231201,7,22,23,72,-3
20231203,8,22,278,65,-11
20231206,9,22,314,65,3
20231210,10,22,163,65,-20
20231222,11,22,187,72,4
20231106,0,23,119,72,-2
20231112,1,23,171,65,-9
20231116,2,23,18,65,-16
20231118,3,23,69,65,9
20231120,4,23,89,72,6
20231124,5,23,360,65,-25
20231201,6,23,22,65,3
20231206,7,23,187,65,16
20231209,8,23,202,65,-11
20231212,9,23,258,65,-32
20231216,10,23,238,78,8
20231222,11,23,56,72,18
20231106,0,24,262,72,-21
20231108,1,24,311,65,-19
20231111,2,24,140,65,9
20231114,3,24,104,65,-12
20231117,4,24,57,65,-30
20231120,5,24,324,72,11
20231122,6,24,173,65,-6
20231125,7,24,120,65,-24
20231129,8,24,162,72,-14
20231202,9,24,223,65,9
20231216,10,24,168,72,-7
20231222,11,24,125,65,-16
20231106,0,201,67,72,-6
20231111,1,201,318,72,-14
20231120,2,201,87,78,-34
20231121,3,201,275,78,-8
20231122,4,201,95,78,-25
20231129,5,201,100,65,-15
20231202,6,201,173,72,-15
20231205,7,201,25,65,-13
20231209,8,201,353,72,-17
20231221,9,201,315,65,-6
20231106,0,25,63,72,39
20231110,1,25,190,72,35
20231113,2,25,60,72,34
20231117,3,25,127,65,-20
20231123,4,25,69,78,-5
20231124,5,25,223,78,10
20231126,6,25,16,78,14
20231130,7,25,217,72,8
20231205,8,25,201,72,13
20231209,9,25,249,72,7
20231219,10,25,77,72,10
20231223,11,25,163,65,-10
20231110,0,26,97,72,14
20231117,1,26,159,72,-3
20231118,2,26,326,72,4
20231119,3,26,27,72,9
20231129,4,26,196,65,25
20231206,5,26,338,72,-3
20231212,6,26,310,65,-21
20231216,7,26,253,65,1
20231219,8,26,353,72,-3
20231227,9,26,39,72,12
20231109,0,27,263,65,-21
20231111,1,27,334,65,-14
20231117,2,27,326,78,1
20231118,3,27,159,78,-16
20231119,4,27,26,65,-9
20231129,5,27,183,72,4
20231202,6,27,270,65,-15
20231204,7,27,157,65,-7
20231209,8,27,349,65,-28
20231218,9,27,64,72,-9
20231221,10,27,291,72,13
20231228,11,27,32,72,-10
20231106,0,28,196,72,1
20231109,1,28,323,65,-26
20231113,2,28,249,65,-20
20231120,3,28,33,78,4
20231122,4,28,207,78,-19
20231128,5,28,81,65,-16
20231209,6,28,321,65,-5
20231215,7,28,29,65,-3
20231219,8,28,321,72,20
20231228,9,28,254,65,-12
20231106,0,30,182,65,-26
20231116,1,30,257,65,-28
20231119,2,30,49,78,-18
20231120,3,30,325,78,7
20231126,4,30,292,65,-13
20231201,5,30,303,72,10
20231206,6,30,158,65,5
20231209,7,30,33,65,2
20231217,8,30,16,65,-23
20231220,9,30,336,72,11
20231228,10,30,31,72,-10
20231106,0,32,197,65,-9
20231109,1,32,270,65,3
20231114,2,32,39,65,10
20231121,3,32,107,72,-10
20231124,4,32,130,72,36
20231129,5,32,336,65,11
20231202,6,32,306,65,-4
20231211,7,32,338,72,5
20231219,8,32,252,65,4
20231222,9,32,133,72,12
20231228,10,32,27,65,10
20231106,0,249,326,72,5
20231110,1,249,336,72,-8
20231113,2,249,28,72,20
20231116,3,249,133,72,-3
20231120,4,249,234,78,-3
20231122,5,249,240,78,-3
20231125,6,249,182,78,-9
20231202,7,249,184,72,15
20231209,8,249,25,65,-7
20231216,9,249,226,78,-10
20231220,10,249,254,72,4
20231106,0,34,243,72,11
20231111,1,34,59,65,-14
20231115,2,34,345,65,-16
20231120,3,34,144,72,-3
20231121,4,34,90,72,-14
20231122,5,34,218,72,7
20231129,6,34,99,65,-14
20231206,7,34,52,65,-12
20231218,8,34,135,72,7
20231108,0,35,206,65,-12
20231111,1,35,173,65,3
20231115,2,35,41,65,-10
20231124,3,35,358,78,9
20231125,4,35,353,78,8
20231126,5,35,19,78,-4
20231201,6,35,167,72,20
20231203,7,35,179,72,-2
20231206,8,35,170,72,7
20231209,9,35,312,65,-11
20231222,10,35,86,65,-8
20231106,0,256,236,65,-17
20231113,1,256,248,72,-2
20231117,2,256,341,65,-4
20231120,3,256,190,65,-2
20231122,4,256,101,65,-44
20231125,5,256,63,72,-3
20231126,6,256,296,72,-5
20231129,7,256,116,65,-27
20231203,8,256,268,65,-19
20231207,9,256,247,72,4
20231210,10,256,61,65,3
20231220,11,256,352,72,-11
20231228,12,256,309,65,-16
20231106,0,36,314,65,-11
20231110,1,36,167,65,-4
20231119,2,36,119,72,-4
20231122,3,36,282,65,-29
20231129,4,36,242,65,28
20231202,5,36,45,72,11
20231205,6,36,17,65,-14
20231209,7,36,278,65,-13
20231216,8,36,283,65,3
20231219,9,36,147,72,-5
20231221,10,36,73,65,2
20231106,0,37,309,65,-30
20231111,1,37,276,72,-10
20231113,2,37,72,65,-27
20231115,3,37,322,65,5
20231120,4,37,187,78,14
20231121,5,37,204,78,-10
20231129,6,37,221,65,-27
20231206,7,37,340,72,4
20231209,8,37,50,65,-45
20231221,9,37,264,72,12
20231109,0,38,304,72,-11
20231117,1,38,145,65,-34
20231120,2,38,15,65,-6
20231124,3,38,347,65,-15
20231128,4,38,218,65,-29
20231202,5,38,188,72,2
20231213,6,38,297,72,-12
20231216,7,38,319,65,-4
20231219,8,38,117,65,-13
20231106,0,300,278,72,17
20231110,1,300,109,78,-12
20231115,2,300,339,72,17
20231119,3,300,76,78,5
20231120,4,300,257,78,-3
20231125,5,300,80,72,8
20231129,6,300,52,72,-4
20231205,7,300,204,72,23
20231209,8,300,57,65,-24
20231216,9,300,315,65,-8
20231110,0,228,277,65,10
20231114,1,228,13,72,8
20231119,2,228,210,72,5
20231124,3,228,265,72,-8
20231126,4,228,190,72,16
20231129,5,228,111,65,-14
20231203,6,228,134,65,-7
20231216,7,228,2,65,16
20231219,8,228,75,72,3
20231222,9,228,333,65,-2
20231106,0,258,272,72,11
20231110,1,258,264,72,32
20231112,2,258,64,72,12
20231119,3,258,150,72,24
20231122,4,258,78,72,35
20231128,5,258,89,65,5
20231203,6,258,70,72,37
20231209,7,258,360,65,-5
20231212,8,258,23,72,32
20231216,9,258,261,78,-14
20231219,10,258,125,72,16
20231222,11,258,204,72,8
20231106,0,40,357,72,22
20231110,1,40,244,78,1
20231112,2,40,52,78,3
20231119,3,40,16,72,17
20231124,4,40,4,72,21
20231128,5,40,225,65,8
20231203,6,40,312,65,9
20231206,7,40,319,72,5
20231209,8,40,214,78,8
20231216,9,40,284,65,-2
20231222,10,40,166,72,30
20231106,0,41,58,65,-2
20231111,1,41,222,72,4
20231115,2,41,35,72,10
20231118,3,41,63,65,-7
20231122,4,41,60,72,2
20231125,5,41,2,72,27
20231129,6,41,362,65,-25
20231202,7,41,264,72,11
20231205,8,41,178,65,-13
20231209,9,41,103,65,-6
20231215,10,41,20,65,7
20231221,11,41,354,72,13
20231228,12,41,153,72,8
20231116,0,42,355,72,-9
20231117,1,42,74,72,-9
20231119,2,42,44,72,-8
20231126,3,42,144,72,-12
20231129,4,42,320,72,2
20231202,5,42,357,72,-3
20231209,6,42,358,72,-8
20231218,7,42,44,65,-3
20231221,8,42,143,72,-3
20231106,0,43,22,72,2
20231114,1,43,206,65,-4
20231117,2,43,361,78,-18
20231118,3,43,75,78,7
20231119,4,43,349,78,2
20231122,5,43,85,72,-6
20231129,6,43,200,72,35
20231202,7,43,245,65,-27
20231209,8,43,237,65,6
20231217,9,43,271,65,-17
20231221,10,43,95,65,-20
20231106,0,44,95,72,2
20231110,1,44,58,78,-18
20231116,2,44,237,78,-9
20231117,3,44,334,78,-7
20231119,4,44,42,65,8
20231126,5,44,103,65,6
20231201,6,44,109,78,9
20231202,7,44,69,65,-16
20231210,8,44,314,72,15
20231214,9,44,218,72,15
20231218,10,44,42,72,3
20231221,11,44,176,72,7
20231106,0,259,238,72,18
20231110,1,259,82,72,32
20231114,2,259,333,72,27
20231120,3,259,315,78,5
20231121,4,259,72,78,-6
20231126,5,259,95,72,17
20231129,6,259,46,65,-5
20231203,7,259,158,72,25
20231210,8,259,285,78,27
20231215,9,259,306,72,22
20231221,10,259,338,72,27
20231106,0,46,115,72,8
20231110,1,46,359,72,28
20231114,2,46,306,65,19
20231117,3,46,289,72,23
20231122,4,46,17,78,12
20231123,5,46,50,78,21
20231129,6,46,259,72,5
20231202,7,46,330,78,5
20231206,8,46,263,72,10
20231209,9,46,178,72,-3
20231222,10,46,116,65,9
20231106,0,47,163,65,-19
20231111,1,47,199,72,-3
20231118,2,47,208,65,5
20231121,3,47,112,72,10
20231125,4,47,278,72,19
20231129,5,47,118,72,12
20231203,6,47,295,65,-9
20231205,7,47,105,72,11
20231211,8,47,67,65,4
20231106,0,260,148,72,43
20231111,1,260,205,72,40
20231114,2,260,130,72,34
20231119,3,260,93,78,20
20231120,4,260,233,78,10
20231124,5,260,119,72,30
20231127,6,260,295,72,20
20231201,7,260,273,65,-4
20231205,8,260,299,78,11
20231209,9,260,248,72,38
20231215,10,260,81,78,13
20231220,11,260,186,65,-15
20231223,12,260,175,72,4
20231106,0,48,345,65,-45
20231109,1,48,238,72,-21
20231111,2,48,136,65,-14
20231115,3,48,277,65,-20
20231117,4,48,126,65,-28
20231118,5,48,61,78,-2
20231126,6,48,104,65,-19
20231130,7,48,280,72,19
20231203,8,48,243,65,-23
20231206,9,48,346,72,-3
20231209,10,48,220,65,-31
20231212,11,48,77,65,-17
20231219,12,48,100,65,-39
20231228,13,48,281,65,-22
20231106,0,49,108,65,6
20231111,1,49,73,65,5
20231115,2,49,76,65,-7
20231119,3,49,30,78,18
20231120,4,49,339,78,13
20231129,5,49,132,72,4
20231202,6,49,105,65,8
20231205,7,49,206,65,-11
20231219,8,49,187,65,21
20231222,9,49,170,65,5
20231107,0,50,68,72,51
20231111,1,50,146,72,29
20231114,2,50,198,72,8
20231118,3,50,215,72,32
20231122,4,50,117,78,23
20231123,5,50,46,78,-21
20231130,6,50,154,65,14
20231203,7,50,292,65,29
20231209,8,50,37,72,45
20231213,9,50,293,65,-15
20231216,10,50,225,72,3
20231220,11,50,342,72,-2
20231106,0,51,57,65,-38
20231110,1,51,283,72,-33
20231125,2,51,177,65,-1
20231129,3,51,237,65,-11
20231202,4,51,199,65,-5
20231206,5,51,295,72,12
20231209,6,51,120,72,-10
20231213,7,51,18,72,7
20231216,8,51,107,65,-26
20231221,9,51,172,65,-10
20231110,0,52,281,78,3
20231112,1,52,40,78,-3
20231117,2,52,60,65,-2
20231121,3,52,18,72,24
20231124,4,52,178,65,-34
20231129,5,52,300,65,4
20231202,6,52,359,72,9
20231206,7,52,34,72,12
20231209,8,52,126,72,18
20231221,9,52,320,72,3
20231106,0,261,193,72,16
20231110,1,261,152,65,-5
20231116,2,261,114,78,3
20231117,3,261,175,78,7
20231119,4,261,269,78,-14
20231124,5,261,362,72,8
20231129,6,261,194,65,2
20231202,7,261,82,72,30
20231209,8,261,239,72,12
20231216,9,261,258,78,14
20231220,10,261,153,72,24
20231107,0,53,165,72,-8
20231111,1,53,31,72,-4
20231114,2,53,321,72,12
20231117,3,53,319,78,-5
20231119,4,53,317,78,-16
20231125,5,53,149,72,-10
20231201,6,53,96,72,-19
20231206,7,53,211,65,-25
20231209,8,53,277,72,7
20231216,9,53,152,72,-10
20231223,10,53,342,72,-36
20231106,0,262,24,65,21
20231112,1,262,241,72,8
20231115,2,262,54,65,11
20231124,3,262,22,78,8
20231125,4,262,301,78,-11
20231126,5,262,220,78,-10
20231202,6,262,222,65,-1
20231205,7,262,360,65,7
20231211,8,262,170,65,4
20231216,9,262,314,78,11
20231220,10,262,169,72,-3
20231106,0,54,223,65,-34
20231110,1,54,233,65,-27
20231115,2,54,262,72,-11
20231117,3,54,82,78,8
20231120,4,54,138,65,-9
20231124,5,54,113,65,-2
20231125,6,54,15,78,8
20231126,7,54,106,78,-3
20231130,8,54,39,65,7
20231202,9,54,118,65,6
20231209,10,54,113,72,-1
20231218,11,54,347,65,-29
20231220,12,54,59,65,-29
20231106,0,263,254,65,-8
20231109,1,263,27,72,21
20231115,2,263,141,78,6
20231116,3,263,193,78,-3
20231117,4,263,318,65,-7
20231126,5,263,212,65,10
20231129,6,263,270,65,2
20231206,7,263,46,65,-10
20231213,8,263,21,65,-16
20231106,0,264,327,65,-34
20231110,1,264,258,65,-32
20231114,2,264,226,65,-1
20231118,3,264,222,65,-19
20231121,4,264,63,72,-4
20231125,5,264,193,65,-14
20231129,6,264,153,72,-15
20231202,7,264,41,65,-11
20231206,8,264,11,72,-3
20231210,9,264,152,65,-32
20231218,10,264,116,65,-20
20231221,11,264,37,65,-12
20231223,12,264,145,65,-17
20231229,13,264,94,65,-12
20231108,0,55,111,72,15
20231119,1,55,153,78,8
20231120,2,55,203,78,-24
20231121,3,55,224,78,20
20231125,4,55,215,72,6
20231129,5,55,340,65,18
20231202,6,55,131,72,17
20231206,7,55,177,72,6
20231209,8,55,294,78,19
20231214,9,55,82,72,12
20231219,10,55,4,72,37
20231222,11,55,244,65,-1
20231107,0,56,104,65,-6
20231111,1,56,357,65,2
20231114,2,56,208,72,-2
20231117,3,56,66,72,18
20231119,4,56,166,72,10
20231126,5,56,155,65,-7
20231129,6,56,105,65,21
20231202,7,56,342,78,2
20231205,8,56,162,65,-11
20231209,9,56,350,65,-6
20231216,10,56,199,72,19
20231222,11,56,23,65,-18
20231106,0,57,51,72,38
20231110,1,57,245,72,-5
20231114,2,57,127,78,9
20231117,3,57,24,72,30
20231121,4,57,104,72,29
20231124,5,57,324,72,18
20231129,6,57,246,65,-5
20231202,7,57,78,65,-4
20231209,8,57,300,72,24
20231212,9,57,87,72,21
20231220,10,57,12,78,8
20231106,0,58,41,72,2
20231110,1,58,44,78,18
20231113,2,58,202,72,22
20231115,3,58,162,72,-3
20231117,4,58,169,72,19
20231122,5,58,292,65,-10
20231129,6,58,251,72,4
20231206,7,58,122,65,13
20231208,8,58,179,72,9
20231218,9,58,20,78,2
20231223,10,58,184,78,-8
20231111,0,59,34,72,14
20231115,1,59,320,72,-2
20231119,2,59,147,72,-6
20231120,3,59,79,72,18
20231121,4,59,102,72,1
20231125,5,59,76,65,-22
20231130,6,59,302,72,8
20231204,7,59,279,72,11
20231209,8,59,319,72,-6
20231214,9,59,266,78,-5
20231220,10,59,54,72,29
20231109,0,60,65,65,-3
20231113,1,60,25,65,-34
20231117,2,60,52,72,2
20231122,3,60,41,65,-2
20231124,4,60,2,78,11
20231129,5,60,6,65,-11
20231203,6,60,98,65,2
20231210,7,60,210,72,1
20231220,8,60,289,72,13
20231222,9,60,337,65,-15
20231106,0,61,271,65,-28
20231111,1,61,117,65,-24
20231115,2,61,91,65,-8
20231118,3,61,48,78,2
20231119,4,61,126,65,-12
20231128,5,61,273,65,-8
20231207,6,61,94,72,17
20231210,7,61,256,72,-3
20231221,8,61,96,65,-32
20231117,0,62,229,72,-6
20231121,1,62,160,72,-12
20231127,2,62,239,72,1
20231203,3,62,353,65,-10
20231207,4,62,301,65,-2
20231213,5,62,275,65,-11
20231217,6,62,150,72,-10
20231221,7,62,239,65,-7
20231223,8,62,225,65,-44
20231106,0,63,25,65,-39
20231111,1,63,79,72,10
20231114,2,63,69,65,-43
20231118,3,63,41,72,7
20231121,4,63,264,65,4
20231125,5,63,256,65,3
20231126,6,63,303,78,-2
20231208,7,63,153,72,-14
20231216,8,63,286,65,-17
20231221,9,63,84,72,3
20231106,0,64,328,65,-35
20231110,1,64,226,65,-11
20231112,2,64,258,65,-12
20231117,3,64,197,65,-25
20231127,4,64,348,65,-10
20231129,5,64,323,65,-28
20231209,6,64,241,65,5
20231218,7,64,27,65,9
20231221,8,64,330,65,-7
20231228,9,64,159,72,34
20231106,0,65,347,65,-23
20231109,1,65,60,72,3
20231112,2,65,303,65,-17
20231117,3,65,94,78,14
20231118,4,65,45,78,14
20231119,5,65,357,65,-8
20231127,6,65,161,72,3
20231203,7,65,168,65,-10
20231210,8,65,301,65,-9
20231222,9,65,319,65,-27
20231229,10,65,340,72,4
20231106,0,265,126,72,8
20231115,1,265,190,65,19
20231118,2,265,11,72,24
20231124,3,265,228,65,8
20231125,4,265,190,78,19
20231129,5,265,131,65,-12
20231202,6,265,307,72,2
20231205,7,265,21,65,-41
20231216,8,265,13,65,9
20231218,9,265,229,72,7
20231220,10,265,210,72,31
20231106,0,71,257,65,-23
20231109,1,71,207,72,-17
20231113,2,71,285,65,-6
20231115,3,71,88,65,9
20231119,4,71,224,78,-6
20231120,5,71,122,78,-11
20231121,6,71,116,78,-1
20231126,7,71,102,72,7
20231129,8,71,70,72,-3
20231202,9,71,112,72,15
20231213,10,71,69,65,-34
20231219,11,71,204,72,-12
20231221,12,71,278,72,8
20231106,0,66,17,65,-19
20231109,1,66,314,65,-13
20231117,2,66,56,65,-18
20231118,3,66,166,78,-6
20231124,4,66,295,72,-3
20231201,5,66,95,72,-11
20231203,6,66,169,65,7
20231206,7,66,361,65,4
20231209,8,66,172,65,10
20231217,9,66,346,72,12
20231221,10,66,67,65,23
20231106,0,67,201,65,6
20231111,1,67,186,65,-30
20231115,2,67,179,72,1
20231122,3,67,166,65,-13
20231125,4,67,99,78,-1
20231126,5,67,170,65,-11
20231130,6,67,73,65,-28
20231202,7,67,138,65,3
20231208,8,67,119,65,5
20231211,9,67,47,72,-4
20231221,10,67,66,72,-23
20231106,0,266,118,72,20
20231110,1,266,329,78,-3
20231114,2,266,68,72,21
20231117,3,266,72,72,21
20231122,4,266,312,78,15
20231124,5,266,12,78,-4
20231129,6,266,347,65,-11
20231205,7,266,125,72,20
20231209,8,266,315,78,11
20231214,9,266,59,78,5
20231219,10,266,286,78,5
20231222,11,266,82,72,39
20231107,0,68,50,65,-51
20231109,1,68,292,65,-27
20231114,2,68,266,65,-21
20231120,3,68,310,72,-13
20231206,4,68,161,65,5
20231216,5,68,198,78,-36
20231217,6,68,96,65,-38
20231221,7,68,257,65,-13
20231108,0,69,117,78,13
20231114,1,69,63,72,43
20231118,2,69,23,72,-9
20231123,3,69,25,78,5
20231124,4,69,211,78,7
20231126,5,69,345,78,34
20231130,6,69,109,72,25
20231202,7,69,44,72,16
20231205,8,69,271,78,-9
20231213,9,69,71,72,34
20231216,10,69,173,78,10
20231223,11,69,245,78,1
20231107,0,70,93,65,-6
20231113,1,70,312,65,-12
20231117,2,70,131,78,-9
20231118,3,70,84,78,-7
20231120,4,70,142,78,-3
20231125,5,70,302,72,-16
20231129,6,70,71,65,3
20231203,7,70,258,65,-37
20231209,8,70,287,65,-20
20231216,9,70,124,65,-5
20231219,10,70,79,78,11
20231110,0,72,102,72,27
20231113,1,72,37,72,27
20231117,2,72,266,65,-21
20231120,3,72,293,78,8
20231121,4,72,259,78,6
20231129,5,72,267,72,-2
20231202,6,72,299,65,-8
20231209,7,72,322,78,-16
20231216,8,72,194,72,-11
20231219,9,72,304,72,16
20231222,10,72,357,72,6
20231106,0,73,346,72,4
20231111,1,73,49,72,-5
20231117,2,73,142,78,13
20231119,3,73,1,78,-14
20231120,4,73,103,78,-7
20231127,5,73,119,72,32
20231130,6,73,67,72,28
20231203,7,73,240,72,-8
20231206,8,73,138,72,-3
20231210,9,73,305,78,1
20231216,10,73,175,65,-22
20231221,11,73,36,72,-2
20231107,0,165,53,65,8
20231112,1,165,212,72,22
20231117,2,165,148,78,10
20231118,3,165,321,78,12
20231122,4,165,317,65,-16
20231129,5,165,331,72,4
20231202,6,165,153,65,21
20231206,7,165,324,65,13
20231209,8,165,190,72,9
20231216,9,165,15,72,23
20231220,10,165,312,65,-14
20231111,0,29,103,65,-10
20231115,1,29,135,72,19
20231121,2,29,139,78,5
20231122,3,29,100,78,-31
20231127,4,29,255,72,-4
20231201,5,29,21,78,-29
20231205,6,29,90,72,12
20231209,7,29,336,72,33
20231215,8,29,28,72,3
20231218,9,29,159,72,-3
20231222,10,29,317,65,-20
20231110,0,74,14,72,23
20231116,1,74,109,78,-14
20231117,2,74,42,65,9
20231119,3,74,334,78,-7
20231125,4,74,244,65,-6
20231128,5,74,188,72,8
20231202,6,74,162,65,-1
20231204,7,74,246,65,-14
20231214,8,74,240,65,-7
20231219,9,74,161,72,15
20231110,0,75,246,65,-18
20231112,1,75,12,65,-15
20231117,2,75,349,78,1
20231118,3,75,43,78,-7
20231119,4,75,361,78,-1
20231129,5,75,166,65,-3
20231202,6,75,351,72,5
20231206,7,75,358,72,-15
20231216,8,75,6,78,-21
20231219,9,75,228,65,-3
20231221,10,75,224,65,-4
20231106,0,76,132,72,11
20231110,1,76,10,72,22
20231115,2,76,49,72,7
20231119,3,76,300,78,-5
20231120,4,76,189,78,2
20231125,5,76,59,72,22
20231129,6,76,138,72,18
20231202,7,76,327,65,9
20231205,8,76,230,65,-21
20231216,9,76,118,72,8
20231222,10,76,240,65,3
20231106,0,220,205,72,45
20231111,1,220,219,72,6
20231114,2,220,87,72,11
20231118,3,220,295,72,12
20231124,4,220,222,78,5
20231125,5,220,272,78,-10
20231126,6,220,262,78,10
20231201,7,220,319,65,-22
20231205,8,220,243,72,2
20231209,9,220,48,72,31
20231221,10,220,4,72,4
20231107,0,77,107,72,37
20231111,1,77,45,72,-1
20231115,2,77,171,65,-11
20231118,3,77,136,72,11
20231119,4,77,5,72,5
20231125,5,77,97,72,7
20231129,6,77,125,72,2
20231202,7,77,214,72,-1
20231209,8,77,206,72,-12
20231212,9,77,48,72,17
20231216,10,77,308,65,4
20231219,11,77,25,65,-10
20231222,12,77,121,65,-30
20231106,0,267,310,78,-11
20231110,1,267,347,72,3
20231112,2,267,144,72,10
20231117,3,267,285,78,-12
20231119,4,267,163,78,-7
20231124,5,267,357,72,9
20231129,6,267,72,65,2
20231201,7,267,124,72,11
20231205,8,267,78,72,14
20231216,9,267,86,72,8
20231220,10,267,136,72,12
20231222,11,267,304,72,18
20231106,0,79,78,65,-22
20231111,1,79,63,65,-10
20231114,2,79,99,65,-17
20231119,3,79,102,78,-4
20231120,4,79,59,65,-18
20231121,5,79,147,78,-17
20231128,6,79,127,65,-31
20231202,7,79,99,72,-2
20231209,8,79,304,65,-8
20231212,9,79,230,65,-18
20231216,10,79,302,72,-5
20231219,11,79,70,78,-11
20231106,0,80,14,65,-2
20231111,1,80,354,65,7
20231117,2,80,149,72,-6
20231119,3,80,247,72,11
20231122,4,80,247,65,3
20231125,5,80,300,65,-8
20231202,6,80,102,65,-11
20231209,7,80,124,65,-4
20231216,8,80,21,65,-32
20231106,0,78,79,72,22
20231109,1,78,89,72,3
20231114,2,78,283,72,-3
20231122,3,78,258,65,-35
20231128,4,78,129,72,8
20231202,5,78,57,72,4
20231205,6,78,267,65,-14
20231209,7,78,2,72,21
20231216,8,78,223,78,1
20231221,9,78,282,78,3
20231222,10,78,268,65,5
20231224,11,78,294,78,-8
20231110,0,81,361,72,15
20231120,1,81,164,78,-10
20231121,2,81,206,78,19
20231122,3,81,252,78,4
20231128,4,81,28,72,16
20231202,5,81,323,78,13
20231205,6,81,248,72,40
20231209,7,81,330,65,-5
20231211,8,81,130,72,38
20231215,9,81,260,78,-13
20231220,10,81,97,72,24
20231110,0,82,259,65,-32
20231117,1,82,54,78,-8
20231119,2,82,96,65,-55
20231122,3,82,180,78,-18
20231124,4,82,239,65,-13
20231202,5,82,261,65,-30
20231210,6,82,348,65,-18
20231214,7,82,55,65,-12
20231220,8,82,191,65,-1
20231222,9,82,266,65,-39
20231106,0,83,190,72,21
20231112,1,83,148,72,34
20231117,2,83,317,78,4
20231119,3,83,319,78,-7
20231125,4,83,146,72,15
20231129,5,83,231,65,10
20231202,6,83,232,72,7
20231205,7,83,182,72,6
20231209,8,83,109,65,5
20231216,9,83,313,78,28
20231220,10,83,180,72,12
20231106,0,331,96,65,-41
20231114,1,331,340,65,-5
20231120,2,331,133,65,1
20231121,3,331,253,78,-6
20231125,4,331,326,72,13
20231129,5,331,165,65,-4
20231202,6,331,333,72,12
20231206,7,331,193,65,-9
20231209,8,331,352,72,-9
20231212,9,331,272,65,2
20231216,10,331,309,65,-34
20231229,11,331,359,72,11
20231106,0,84,89,65,-12
20231113,1,84,142,65,-7
20231117,2,84,103,78,-38
20231118,3,84,70,78,7
20231120,4,84,183,78,-19
20231127,5,84,280,72,-4
20231216,6,84,100,72,-17
20231219,7,84,19,65,-10
20231221,8,84,63,65,-3
20231110,0,85,356,65,13
20231114,1,85,147,72,24
20231117,2,85,282,65,3
20231118,3,85,17,65,-9
20231122,4,85,43,65,6
20231126,5,85,93,65,-13
20231129,6,85,5,72,5
20231202,7,85,117,65,-22
20231208,8,85,242,72,6
20231221,9,85,45,72,2
20231116,0,268,140,72,19
20231121,1,268,148,72,9
20231124,2,268,231,78,19
20231125,3,268,316,78,11
20231130,4,268,328,78,-13
20231203,5,268,256,72,19
20231217,6,268,294,72,-6
20231221,7,268,313,72,13
20231222,8,268,78,72,-5
20231224,9,268,214,72,-14
20231111,0,86,358,65,-1
20231114,1,86,166,65,-2
20231120,2,86,95,78,14
20231121,3,86,91,78,2
20231122,4,86,87,78,-5
20231129,5,86,135,72,18
20231202,6,86,304,65,7
20231205,7,86,351,72,26
20231208,8,86,143,72,13
20231216,9,86,267,65,-8
20231219,10,86,301,72,11
20231222,11,86,35,72,8
20231110,0,87,162,72,-7
20231114,1,87,220,65,-11
20231120,2,87,201,78,34
20231121,3,87,359,78,9
20231122,4,87,86,78,5
20231130,5,87,322,72,19
20231206,6,87,95,65,5
20231209,7,87,177,65,-3
20231212,8,87,57,65,-21
20231216,9,87,142,72,16
20231221,10,87,293,65,-18
20231106,0,45,187,65,-2
20231111,1,45,77,65,1
20231114,2,45,172,72,-7
20231117,3,45,357,65,-38
20231118,4,45,65,78,-14
20231119,5,45,94,78,13
20231125,6,45,175,65,-46
20231129,7,45,278,72,-15
20231202,8,45,36,65,-11
20231208,9,45,17,65,-31
20231218,10,45,167,72,-20
20231221,11,45,85,65,-2
20231106,0,269,276,72,53
20231111,1,269,213,72,32
20231113,2,269,204,72,31
20231116,3,269,238,78,16
20231117,4,269,328,78,10
20231119,5,269,261,78,14
20231124,6,269,290,72,35
20231201,7,269,360,65,6
20231206,8,269,356,72,36
20231209,9,269,97,72,34
20231216,10,269,211,78,4
20231221,11,269,216,72,35
20231106,0,88,21,65,-47
20231115,1,88,71,72,-9
20231120,2,88,235,72,-2
20231124,3,88,154,65,-27
20231127,4,88,214,65,-37
20231202,5,88,356,65,-9
20231209,6,88,233,65,-27
20231219,7,88,194,65,-36
20231222,8,88,211,65,-27
20231106,0,89,84,72,12
20231109,1,89,78,65,-3
20231112,2,89,100,65,-21
20231114,3,89,18,72,11
20231118,4,89,171,65,-22
20231120,5,89,23,65,-6
20231125,6,89,136,65,4
20231128,7,89,258,72,-5
20231211,8,89,311,65,-10
20231216,9,89,97,78,-7
20231217,10,89,215,78,-1
20231220,11,89,255,65,-13
20231110,0,94,340,65,10
20231114,1,94,92,65,-39
20231117,2,94,65,78,-14
20231118,3,94,357,65,-13
20231119,4,94,45,78,-13
20231129,5,94,359,65,-29
20231202,6,94,150,72,-16
20231207,7,94,61,65,-17
20231212,8,94,287,65,-36
20231216,9,94,110,72,-6
20231229,10,94,264,72,12
20231106,0,270,348,65,-25
20231109,1,270,32,72,-3
20231122,2,270,185,65,-37
20231124,3,270,254,78,3
20231129,4,270,263,72,-2
20231202,5,270,27,72,15
20231205,6,270,336,72,30
20231209,7,270,338,65,1
20231217,8,270,197,65,-18
20231221,9,270,253,65,-15
20231228,10,270,33,72,3
20231110,0,90,326,65,-1
20231112,1,90,96,65,-31
20231120,2,90,218,78,-1
20231121,3,90,34,65,14
20231128,4,90,158,65,-15
20231202,5,90,110,72,6
20231205,6,90,29,65,-12
20231209,7,90,196,65,-8
20231221,8,90,157,65,-19
20231228,9,90,133,72,-8
20231106,0,271,61,72,28
20231110,1,271,153,72,11
20231114,2,271,121,72,-7
20231117,3,271,340,72,23
20231119,4,271,195,72,28
20231124,5,271,352,72,32
20231202,6,271,171,65,18
20231205,7,271,69,78,9
20231209,8,271,230,65,-7
20231217,9,271,43,72,17
20231222,10,271,288,78,24
20231106,0,272,258,65,-11
20231110,1,272,247,72,15
20231114,2,272,117,65,5
20231124,3,272,128,78,30
20231125,4,272,220,78,10
20231126,5,272,301,78,-1
20231130,6,272,91,72,-5
20231208,7,272,98,65,6
20231212,8,272,331,72,-2
20231216,9,272,354,72,21
20231221,10,272,335,72,-1
20231111,0,91,177,65,-9
20231115,1,91,61,72,8
20231120,2,91,31,78,9
20231121,3,91,86,78,-2
20231122,4,91,359,78,-25
20231130,5,91,272,65,5
20231203,6,91,137,72,4
20231206,7,91,150,72,3
20231209,8,91,142,72,-6
20231217,9,91,146,72,10
20231221,10,91,190,72,21
20231106,0,335,233,65,-32
20231111,1,335,236,65,-14
20231118,2,335,248,65,19
20231122,3,335,98,72,1
20231125,4,335,235,65,-10
20231126,5,335,98,78,-2
20231201,6,335,15,65,-14
20231209,7,335,148,72,-1
20231213,8,335,356,65,-23
20231221,9,335,272,65,1
20231107,0,93,70,72,6
20231112,1,93,242,72,8
20231116,2,93,359,72,9
20231119,3,93,260,78,-20
20231120,4,93,277,78,8
20231126,5,93,85,72,13
20231201,6,93,281,72,12
20231205,7,93,286,65,3
20231209,8,93,9,78,-28
20231216,9,93,273,72,-4
20231219,10,93,134,72,1
20231221,11,93,297,72,17
20231110,0,92,225,65,-22
20231114,1,92,94,72,39
20231121,2,92,356,78,15
20231122,3,92,158,78,8
20231124,4,92,327,78,2
20231128,5,92,192,72,29
20231202,6,92,20,65,8
20231205,7,92,149,65,23
20231209,8,92,324,72,44
20231216,9,92,11,78,11
20231219,10,92,209,72,21
20231106,0,95,44,65,-2
20231110,1,95,172,72,7
20231120,2,95,86,78,-14
20231121,3,95,31,78,-4
20231122,4,95,201,78,25
20231126,5,95,259,65,-17
20231129,6,95,120,72,-4
20231201,7,95,66,65,11
20231206,8,95,87,72,-5
20231210,9,95,174,72,7
20231216,10,95,176,78,-25
20231221,11,95,43,72,20
20231107,0,198,303,72,42
20231110,1,198,3,72,31
20231114,2,198,50,65,-8
20231117,3,198,8,72,14
20231123,4,198,309,78,-12
20231124,5,198,186,78,13
20231129,6,198,304,72,25
20231204,7,198,164,65,-19
20231207,8,198,96,65,-25
20231210,9,198,286,72,-10
20231216,10,198,68,78,36
20231220,11,198,280,72,22
20231106,0,96,331,72,41
20231109,1,96,110,72,55
20231112,2,96,90,72,31
20231119,3,96,82,72,55
20231123,4,96,343,78,4
20231124,5,96,345,78,-9
20231126,6,96,211,78,-4
20231201,7,96,53,65,19
20231207,8,96,198,72,25
20231210,9,96,160,72,51
20231217,10,96,68,72,38
20231221,11,96,61,72,32
20231106,0,97,284,65,-17
20231108,1,97,316,65,-26
20231110,2,97,26,65,-14
20231114,3,97,116,65,-22
20231116,4,97,236,65,-20
20231119,5,97,288,65,1
20231125,6,97,77,65,-7
20231128,7,97,8,65,4
20231209,8,97,269,65,-34
20231216,9,97,89,78,7
20231217,10,97,143,78,8
20231220,11,97,81,65,-24
20231110,0,99,360,65,-23
20231114,1,99,79,72,17
20231117,2,99,312,65,-51
20231124,3,99,170,65,9
20231125,4,99,67,78,1
20231129,5,99,34,72,14
20231202,6,99,79,65,2
20231206,7,99,257,65,-42
20231211,8,99,188,65,-1
20231218,9,99,276,72,10
20231221,10,99,164,65,-43
20231111,0,98,338,72,-2
20231114,1,98,350,65,-13
20231118,2,98,297,65,-2
20231122,3,98,335,65,-1
20231124,4,98,235,65,15
20231126,5,98,335,78,2
20231130,6,98,318,72,18
20231203,7,98,60,72,-2
20231208,8,98,272,72,-6
20231214,9,98,332,65,-15
20231218,10,98,207,65,3
20231221,11,98,247,65,30
20231106,0,100,127,65,3
20231109,1,100,103,65,5
20231112,2,100,89,72,21
20231117,3,100,168,72,3
20231121,4,100,192,78,6
20231122,5,100,29,78,31
20231129,6,100,201,72,15
20231209,7,100,155,65,15
20231216,8,100,84,65,17
20231219,9,100,48,72,39
20231222,10,100,135,65,14
20231106,0,273,144,72,43
20231110,1,273,119,72,38
20231114,2,273,274,78,5
20231121,3,273,121,78,-14
20231122,4,273,230,78,9
20231128,5,273,61,72,8
20231201,6,273,260,72,4
20231205,7,273,289,72,19
20231209,8,273,288,72,9
20231216,9,273,93,65,4
20231222,10,273,361,72,15
20231106,0,101,323,78,-13
20231110,1,101,13,72,8
20231113,2,101,189,72,23
20231117,3,101,163,78,3
20231119,4,101,285,78,-8
20231122,5,101,256,72,44
20231128,6,101,156,72,10
20231202,7,101,297,72,1
20231205,8,101,342,72,1
20231209,9,101,114,65,15
20231217,10,101,292,72,-16
20231221,11,101,355,78,9
20231110,0,102,72,65,-27
20231119,1,102,79,78,4
20231120,2,102,147,78,2
20231121,3,102,59,65,-1
20231126,4,102,71,65,-7
20231202,5,102,80,72,11
20231205,6,102,298,72,3
20231209,7,102,320,65,7
20231216,8,102,161,65,10
20231223,9,102,298,65,-9
20231109,0,103,100,72,-5
20231111,1,103,29,72,10
20231117,2,103,84,78,38
20231119,3,103,131,78,-4
20231120,4,103,73,78,7
20231126,5,103,44,72,-6
20231205,6,103,189,65,9
20231209,7,103,41,72,6
20231221,8,103,310,65,-14
20231106,0,274,139,72,40
20231110,1,274,212,72,20
20231114,2,274,273,78,-5
20231117,3,274,205,72,34
20231120,4,274,176,72,8
20231124,5,274,122,72,36
20231128,6,274,285,72,22
20231202,7,274,302,72,-7
20231209,8,274,311,78,15
20231216,9,274,299,78,4
20231221,10,274,277,65,19
20231110,0,112,241,72,-15
20231113,1,112,158,65,-35
20231115,2,112,252,65,-20
20231121,3,112,47,65,-10
20231124,4,112,213,78,15
20231125,5,112,150,65,-8
20231202,6,112,71,65,-15
20231206,7,112,285,65,-48
20231212,8,112,283,65,-13
20231216,9,112,171,65,-22
20231223,10,112,136,65,-28
20231228,11,112,199,72,-17
20231106,0,114,130,72,46
20231110,1,114,141,72,-2
20231116,2,114,261,78,-3
20231117,3,114,305,78,4
20231119,4,114,347,78,6
20231124,5,114,304,72,12
20231128,6,114,206,65,-23
20231201,7,114,191,72,7
20231209,8,114,101,72,-15
20231213,9,114,3,72,18
20231216,10,114,233,78,-11
20231221,11,114,106,72,21
20231107,0,104,56,72,6
20231111,1,104,147,72,5
20231114,2,104,24,72,12
20231118,3,104,324,72,1
20231121,4,104,57,65,-29
20231126,5,104,48,72,19
20231129,6,104,208,65,-7
20231202,7,104,311,78,1
20231206,8,104,118,72,1
20231209,9,104,105,65,16
20231216,10,104,285,65,-7
20231106,0,105,176,65,-21
20231110,1,105,252,65,-18
20231112,2,105,158,65,-23
20231124,3,105,311,65,-2
20231125,4,105,132,78,-10
20231126,5,105,14,78,-10
20231129,6,105,56,72,-21
20231202,7,105,49,72,-8
20231205,8,105,47,65,-11
20231209,9,105,104,72,-16
20231221,10,105,167,72,-18
20231109,0,106,194,65,-11
20231114,1,106,235,72,8
20231118,2,106,336,65,-1
20231124,3,106,15,78,18
20231125,4,106,113,65,-11
20231126,5,106,54,78,3
20231130,6,106,235,65,-3
20231203,7,106,180,65,-20
20231214,8,106,276,72,24
20231218,9,106,325,72,-3
20231221,10,106,114,65,-21
20231107,0,107,77,65,-37
20231110,1,107,342,65,-26
20231117,2,107,316,65,-9
20231119,3,107,255,65,-24
20231121,4,107,32,65,10
20231124,5,107,336,65,-2
20231205,6,107,242,65,-17
20231209,7,107,200,65,-12
20231216,8,107,51,72,26
20231221,9,107,223,65,-17
20231106,0,108,49,72,-6
20231110,1,108,223,65,-9
20231112,2,108,299,65,-22
20231121,3,108,132,65,-9
20231124,4,108,163,65,-14
20231129,5,108,174,72,-1
20231202,6,108,280,65,-5
20231221,7,108,17,65,-16
20231110,0,109,300,78,12
20231116,1,109,74,78,14
20231117,2,109,355,78,17
20231119,3,109,237,78,10
20231125,4,109,279,72,37
20231130,5,109,69,65,-25
20231201,6,109,44,78,-9
20231205,7,109,130,72,35
20231209,8,109,83,72,-5
20231213,9,109,209,72,22
20231220,10,109,339,65,16
20231106,0,110,292,65,-32
20231109,1,110,96,65,-55
20231116,2,110,241,65,-18
20231117,3,110,291,78,2
20231119,4,110,219,78,11
20231127,5,110,338,72,-7
20231202,6,110,90,65,-6
20231209,7,110,289,72,-5
20231216,8,110,94,65,6
20231219,9,110,131,65,-22
20231106,0,111,355,65,-17
20231108,1,111,55,65,-15
20231114,2,111,210,65,31
20231118,3,111,2,72,25
20231124,4,111,298,78,11
20231125,5,111,19,78,-21
20231126,6,111,358,78,7
20231129,7,111,228,72,14
20231202,8,111,257,65,-15
20231206,9,111,14,65,-1
20231210,10,111,209,72,7
20231216,11,111,246,65,-3
20231106,0,247,216,72,5
20231110,1,247,272,65,-15
20231118,2,247,149,78,-5
20231119,3,247,80,65,-11
20231122,4,247,80,72,-3
20231125,5,247,236,72,2
20231128,6,247,11,72,26
20231201,7,247,8,72,11
20231207,8,247,256,65,-4
20231210,9,247,357,72,-17
20231213,10,247,235,72,9
20231218,11,247,137,72,14
20231221,12,247,98,72,-30
20231228,13,247,210,65,6
20231106,0,31,313,65,-5
20231111,1,31,53,65,4
20231114,2,31,182,65,-12
20231117,3,31,286,65,8
20231120,4,31,91,78,-9
20231121,5,31,95,78,4
20231122,6,31,275,78,-10
20231126,7,31,133,65,6
20231202,8,31,33,72,10
20231210,9,31,323,65,5
20231228,10,31,30,65,10
20231106,0,113,173,65,-4
20231115,1,113,279,65,19
20231118,2,113,144,72,7
20231124,3,113,54,72,2
20231125,4,113,106,72,11
20231126,5,113,15,72,21
20231203,6,113,135,65,34
20231209,7,113,54,65,1
20231213,8,113,333,65,13
20231217,9,113,344,72,19
20231220,10,113,144,65,-9
20231106,0,275,362,72,10
20231111,1,275,327,65,-9
20231120,2,275,359,78,-6
20231121,3,275,201,78,8
20231122,4,275,31,78,10
20231130,5,275,181,65,-23
20231209,6,275,115,65,-5
20231213,7,275,62,72,11
20231217,8,275,123,65,-2
20231222,9,275,356,65,17
20231106,0,276,269,65,-53
20231111,1,276,37,65,10
20231116,2,276,115,72,-10
20231126,3,276,194,65,-13
20231128,4,276,151,72,4
20231212,5,276,180,65,-1
20231214,6,276,106,65,-24
20231218,7,276,99,65,-10
20231106,0,115,46,65,-8
20231116,1,115,276,65,10
20231121,2,115,196,72,14
20231122,3,115,123,72,9
20231129,4,115,227,65,-9
20231202,5,115,141,72,13
20231205,6,115,203,65,7
20231209,7,115,275,72,5
20231212,8,115,191,72,29
20231216,9,115,177,65,-1
20231220,10,115,185,65,-6
20231106,0,277,280,72,1
20231110,1,277,228,72,-10
20231115,2,277,48,72,20
20231119,3,277,233,78,-1
20231120,4,277,93,78,-8
20231126,5,277,139,72,6
20231129,6,277,13,72,5
20231203,7,277,345,65,-7
20231209,8,277,53,65,-7
20231213,9,277,8,72,-12
20231217,10,277,158,72,22
20231221,11,277,274,72,-19
20231108,0,117,69,78,-13
20231111,1,117,61,72,24
20231114,2,117,272,72,-5
20231118,3,117,296,72,3
20231122,4,117,50,78,-23
20231123,5,117,17,78,3
20231128,6,117,39,72,9
20231202,7,117,85,72,22
20231205,8,117,236,65,-11
20231216,9,117,322,65,-13
20231219,10,117,38,72,13
20231106,0,118,266,65,-20
20231111,1,118,22,65,2
20231115,2,118,200,72,-6
20231118,3,118,172,78,-15
20231119,4,118,280,65,-15
20231125,5,118,288,65,-8
20231129,6,118,47,65,-12
20231202,7,118,54,72,-6
20231206,8,118,104,65,-1
20231209,9,118,136,72,-13
20231216,10,118,76,65,-8
20231112,0,116,361,72,-3
20231114,1,116,97,72,22
20231119,2,116,203,78,-10
20231120,3,116,153,78,-5
20231121,4,116,71,78,1
20231125,5,116,234,72,20
20231129,6,116,256,72,27
20231202,7,116,294,65,-14
20231209,8,116,293,65,3
20231216,9,116,255,78,-9
20231218,10,116,264,72,20
20231222,11,116,46,72,-9
20231106,0,278,300,65,-17
20231112,1,278,125,72,-6
20231116,2,278,151,78,13
20231117,3,278,161,78,14
20231118,4,278,304,65,-9
20231122,5,278,322,65,11
20231125,6,278,47,65,-19
20231129,7,278,45,65,15
20231203,8,278,22,72,11
20231206,9,278,18,65,9
20231209,10,278,36,72,13
20231218,11,278,257,65,-23
20231221,12,278,71,65,-8
20231106,0,119,23,65,2
20231110,1,119,273,65,-38
20231119,2,119,36,65,4
20231124,3,119,260,65,-30
20231127,4,119,73,65,-32
20231201,5,119,136,72,1
20231203,6,119,120,65,-14
20231208,7,119,67,72,-5
20231221,8,119,132,65,-6
20231106,0,120,242,65,16
20231111,1,120,280,65,6
20231118,2,120,200,65,-23
20231121,3,120,295,65,-3
20231125,4,120,24,72,24
20231129,5,120,95,65,4
20231203,6,120,119,72,14
20231209,7,120,51,65,10
20231218,8,120,279,72,24
20231222,9,120,308,65,-4
20231106,0,121,149,72,22
20231110,1,121,169,72,30
20231114,2,121,271,65,7
20231120,3,121,252,78,2
20231121,4,121,273,78,14
20231122,5,121,164,78,-3
20231128,6,121,195,72,37
20231202,7,121,332,65,-11
20231206,8,121,233,72,21
20231209,9,121,308,72,19
20231214,10,121,326,72,5
20231219,11,121,163,65,-15
20231222,12,121,77,72,30
20231106,0,122,166,72,16
20231110,1,122,168,78,-4
20231119,2,122,337,78,-23
20231120,3,122,71,78,11
20231121,4,122,153,78,-7
20231124,5,122,274,65,-36
20231202,6,122,126,72,-5
20231206,7,122,58,72,-13
20231209,8,122,222,65,5
20231213,9,122,327,65,-1
20231216,10,122,301,72,7
20231221,11,122,302,72,-9
20231107,0,281,136,72,15
20231110,1,281,52,78,-3
20231112,2,281,244,78,-3
20231117,3,281,342,65,-17
20231121,4,281,280,72,24
20231125,5,281,318,72,13
20231128,6,281,169,72,27
20231201,7,281,93,65,-12
20231206,8,281,223,72,6
20231212,9,281,4,72,40
20231219,10,281,141,72,6
20231222,11,281,252,65,9
20231228,12,281,48,72,22
20231106,0,279,208,65,-20
20231115,1,279,113,72,-19
20231118,2,279,311,72,3
20231122,3,279,308,65,-20
20231125,4,279,109,65,-37
20231204,5,279,59,65,-11
20231206,6,279,145,65,-32
20231218,7,279,120,65,-24
20231222,8,279,343,65,-24
20231107,0,282,199,72,21
20231113,1,282,167,72,21
20231117,2,282,85,72,-3
20231122,3,282,36,72,29
20231202,4,282,322,72,10
20231206,5,282,238,65,-10
20231209,6,282,283,72,14
20231216,7,282,350,78,8
20231221,8,282,78,78,-3
20231222,9,282,313,78,22
20231224,10,282,155,78,22
20231106,0,123,343,65,11
20231118,1,123,351,65,-2
20231121,2,123,216,78,11
20231122,3,123,115,65,-9
20231128,4,123,244,65,21
20231202,5,123,229,72,11
20231213,6,123,325,72,19
20231217,7,123,275,72,2
20231106,0,284,97,72,17
20231110,1,284,288,65,15
20231117,2,284,3,72,17
20231122,3,284,286,78,4
20231123,4,284,246,78,5
20231124,5,284,342,78,-16
20231202,6,284,226,65,-3
20231206,7,284,343,65,5
20231210,8,284,211,65,6
20231216,9,284,40,72,2
20231219,10,284,329,72,23
20231223,11,284,341,72,2
20231109,0,124,39,65,5
20231114,1,124,134,65,-8
20231117,2,124,225,65,-31
20231124,3,124,209,78,1
20231125,4,124,354,78,-6
20231201,5,124,267,65,-11
20231206,6,124,318,72,-21
20231209,7,124,80,72,4
20231216,8,124,70,72,5
20231219,9,124,166,72,19
20231106,0,125,237,65,-12
20231112,1,125,278,65,6
20231115,2,125,221,65,-24
20231122,3,125,143,78,23
20231124,4,125,181,65,-8
20231125,5,125,3,78,-6
20231129,6,125,77,65,-2
20231202,7,125,283,72,6
20231205,8,125,266,65,-20
20231219,9,125,258,65,-16
20231222,10,125,24,72,16
20231106,0,285,138,72,41
20231110,1,285,257,72,16
20231113,2,285,71,72,6
20231117,3,285,267,78,12
20231119,4,285,101,78,8
20231128,5,285,274,65,-22
20231202,6,285,308,72,13
20231206,7,285,112,72,48
20231210,8,285,259,78,-27
20231216,9,285,104,72,7
20231221,10,285,205,72,38
20231106,0,126,265,65,-8
20231111,1,126,216,72,-10
20231117,2,126,48,72,28
20231119,3,126,61,72,12
20231125,4,126,173,65,-30
20231202,5,126,122,65,5
20231206,6,126,221,65,-20
20231209,7,126,52,65,-18
20231219,8,126,359,65,-10
20231222,9,126,237,72,1
20231107,0,286,298,72,25
20231110,1,286,362,72,30
20231113,2,286,175,65,16
20231117,3,286,31,72,-8
20231122,4,286,284,78,-4
20231123,5,286,197,78,5
20231124,6,286,217,78,-16
20231202,7,286,310,65,-3
20231205,8,286,93,72,-3
20231210,9,286,198,65,10
20231216,10,286,63,72,17
20231219,11,286,266,78,-5
20231106,0,127,100,72,-3
20231109,1,127,324,72,23
20231114,2,127,57,78,-9
20231117,3,127,25,72,20
20231119,4,127,4,72,32
20231123,5,127,245,78,-6
20231128,6,127,79,72,31
20231205,7,127,332,72,-13
20231210,8,127,292,65,-7
20231216,9,127,12,78,24
20231218,10,127,153,72,17
20231221,11,127,202,72,44
20231106,0,128,150,72,17
20231109,1,128,203,72,5
20231113,2,128,351,72,-2
20231121,3,128,244,72,-1
20231124,4,128,272,78,-30
20231125,5,128,222,78,-12
20231126,6,128,289,78,4
20231202,7,128,358,72,-10
20231205,8,128,131,72,4
20231209,9,128,14,72,-10
20231219,10,128,178,65,-37
20231222,11,128,196,65,-6
20231111,0,333,163,65,-10
20231114,1,333,259,65,-27
20231120,2,333,204,78,-18
20231121,3,333,187,78,2
20231125,4,333,325,72,-6
20231202,5,333,331,65,-12
20231206,6,333,326,65,-4
20231209,7,333,250,65,2
20231213,8,333,113,72,-13
20231222,9,333,228,72,2
20231106,0,287,15,72,20
20231110,1,287,235,72,26
20231116,2,287,288,72,-2
20231118,3,287,320,72,14
20231121,4,287,248,72,19
20231126,5,287,317,78,-18
20231130,6,287,296,72,33
20231203,7,287,221,65,-10
20231206,8,287,292,72,11
20231209,9,287,70,72,20
20231212,10,287,94,72,36
20231221,11,287,11,72,17
20231106,0,226,3,72,10
20231110,1,226,64,72,11
20231114,2,226,264,72,1
20231117,3,226,180,72,3
20231122,4,226,208,65,1
20231128,5,226,145,72,20
20231202,6,226,284,72,3
20231205,7,226,136,72,9
20231210,8,226,257,65,2
20231216,9,226,249,78,10
20231219,10,226,239,72,21
20231223,11,226,325,78,17
20231108,0,129,7,78,15
20231111,1,129,229,72,24
20231114,2,129,297,72,27
20231118,3,129,348,78,12
20231119,4,129,152,78,9
20231124,5,129,141,72,13
20231128,6,129,78,65,-8
20231203,7,129,195,72,-1
20231209,8,129,240,78,30
20231213,9,129,137,72,4
20231217,10,129,305,78,18
20231223,11,129,171,78,10
20231106,0,130,114,65,-46
20231110,1,130,309,65,-39
20231114,2,130,260,65,-34
20231117,3,130,214,65,-34
20231120,4,130,184,65,-42
20231124,5,130,32,65,-36
20231126,6,130,336,65,-3
20231202,7,130,305,65,-31
20231205,8,130,109,65,-35
20231211,9,130,81,65,-38
20231219,10,130,236,65,-29
20231222,11,130,12,65,-59
20231106,0,288,248,72,22
20231110,1,288,284,72,-15
20231113,2,288,193,72,18
20231116,3,288,287,65,2
20231119,4,288,97,72,-1
20231122,5,288,188,72,23
20231125,6,288,118,72,8
20231128,7,288,312,65,7
20231203,8,288,355,72,10
20231209,9,288,273,65,-9
20231217,10,288,186,78,-6
20231222,11,288,271,78,-24
20231106,0,131,350,65,-8
20231113,1,131,156,72,15
20231117,2,131,70,78,9
20231119,3,131,103,78,4
20231120,4,131,1,78,18
20231125,5,131,188,72,18
20231129,6,131,265,72,12
20231202,7,131,55,65,-17
20231205,8,131,128,65,-4
20231209,9,131,180,72,9
20231216,10,131,236,65,-1
20231219,11,131,110,72,22
20231223,12,131,178,65,5
20231106,0,132,76,65,-11
20231110,1,132,350,65,8
20231118,2,132,162,72,-25
20231121,3,132,108,72,9
20231124,4,132,14,78,9
20231125,5,132,105,78,10
20231126,6,132,311,65,-15
20231129,7,132,49,65,-4
20231209,8,132,149,72,3
20231212,9,132,186,65,-9
20231216,10,132,169,72,6
20231221,11,132,119,72,6
20231110,0,290,310,65,-14
20231112,1,290,250,72,13
20231116,2,290,146,72,-9
20231124,3,290,269,65,-35
20231129,4,290,294,65,-11
20231202,5,290,183,72,17
20231217,6,290,183,65,11
20231219,7,290,250,65,12
20231228,8,290,349,65,-30
20231111,0,133,185,65,-3
20231116,1,133,249,65,3
20231120,2,133,331,72,-1
20231122,3,133,253,72,1
20231126,4,133,31,72,-6
20231205,5,133,330,65,-24
20231219,6,133,196,72,1
20231222,7,133,32,65,-12
20231228,8,133,90,65,8
20231106,0,134,225,65,-32
20231110,1,134,164,65,-30
20231114,2,134,124,72,8
20231117,3,134,223,65,-23
20231120,4,134,13,65,13
20231129,5,134,10,65,11
20231203,6,134,228,72,7
20231210,7,134,297,65,9
20231219,8,134,93,65,-1
20231106,0,135,245,65,-63
20231115,1,135,29,65,-19
20231118,2,135,21,65,-43
20231121,3,135,168,78,-10
20231122,4,135,39,78,-1
20231126,5,135,238,65,-9
20231129,6,135,86,65,-18
20231203,7,135,113,72,-34
20231206,8,135,280,72,12
20231218,9,135,34,65,-7
20231222,10,135,100,72,-14
20231227,11,135,329,65,-35
20231107,0,136,281,65,-15
20231111,1,136,48,72,14
20231118,2,136,77,65,-11
20231122,3,136,5,65,-3
20231125,4,136,89,72,-4
20231201,5,136,119,65,-1
20231203,6,136,187,72,32
20231205,7,136,226,65,-9
20231209,8,136,118,65,13
20231215,9,136,174,65,7
20231220,10,136,267,65,-12
20231223,11,136,112,72,28
20231110,0,137,210,72,6
20231114,1,137,353,72,-5
20231120,2,137,302,78,-2
20231122,3,137,6,78,-10
20231129,4,137,20,72,7
20231203,5,137,91,65,-4
20231209,6,137,10,65,-4
20231213,7,137,129,65,-4
20231216,8,137,191,72,-6
20231218,9,137,247,65,-14
20231222,10,137,194,72,-27
20231106,0,138,285,65,-41
20231111,1,138,179,72,-27
20231116,2,138,5,65,-14
20231120,3,138,54,72,9
20231125,4,138,346,65,-13
20231129,5,138,76,65,-18
20231202,6,138,67,72,-3
20231206,7,138,73,65,3
20231209,8,138,347,65,-24
20231216,9,138,140,65,-8
20231106,0,243,34,65,-11
20231110,1,243,208,72,-7
20231118,2,243,254,65,-18
20231120,3,243,316,65,-8
20231129,4,243,344,72,20
20231203,5,243,48,72,23
20231205,6,243,220,65,-2
20231208,7,243,167,65,-3
20231221,8,243,362,65,-10
20231106,0,292,110,72,32
20231109,1,292,68,72,27
20231113,2,292,169,72,14
20231115,3,292,202,72,21
20231118,4,292,157,78,21
20231122,5,292,58,72,10
20231126,6,292,30,72,13
20231203,7,292,50,72,-29
20231206,8,292,287,65,-11
20231210,9,292,127,72,7
20231217,10,292,101,65,16
20231220,11,292,303,72,8
20231109,0,291,214,65,-22
20231111,1,291,305,65,-11
20231116,2,291,219,78,6
20231117,3,291,110,78,-2
20231119,4,291,241,65,-2
20231206,5,291,217,65,-29
20231209,6,291,213,65,-4
20231217,7,291,204,72,8
20231221,8,291,27,65,-13
20231107,0,294,33,72,14
20231112,1,294,330,65,7
20231115,2,294,336,72,47
20231118,3,294,313,72,25
20231129,4,294,290,72,11
20231202,5,294,116,72,14
20231206,6,294,250,72,12
20231209,7,294,55,78,-19
20231213,8,294,349,72,17
20231217,9,294,268,65,6
20231221,10,294,208,78,24
20231222,11,294,214,78,13
20231224,12,294,78,78,8
20231106,0,295,206,65,-11
20231114,1,295,22,72,18
20231118,2,295,220,65,-12
20231121,3,295,120,72,3
20231124,4,295,66,65,3
20231127,5,295,260,65,-20
20231130,6,295,172,65,6
20231203,7,295,47,72,9
20231206,8,295,51,65,-12
20231211,9,295,205,72,13
20231221,10,295,314,65,10
20231106,0,227,215,72,37
20231109,1,227,178,65,-14
20231116,2,227,232,72,2
20231121,3,227,327,78,8
20231122,4,227,356,78,34
20231124,5,227,158,78,19
20231129,6,227,115,72,9
20231202,7,227,139,72,44
20231206,8,227,255,72,23
20231209,9,227,184,78,17
20231215,10,227,139,65,1
20231220,11,227,251,72,13
20231106,0,139,274,65,-40
20231111,1,139,251,65,-17
20231118,2,139,306,72,5
20231121,3,139,29,78,-5
20231122,4,139,192,78,-27
20231126,5,139,277,65,-6
20231202,6,139,227,65,-44
20231215,7,139,227,72,-1
20231219,8,139,203,65,-3
20231222,9,139,236,65,-6
20231118,0,296,117,65,-3
20231120,1,296,154,65,-28
20231125,2,296,303,78,-2
20231126,3,296,256,65,5
20231130,4,296,287,65,-33
20231209,5,296,183,65,-5
20231211,6,296,317,65,-13
20231221,7,296,221,65,-42
20231106,0,140,308,65,-7
20231111,1,140,24,72,-9
20231116,2,140,268,65,-19
20231125,3,140,174,65,8
20231201,4,140,179,72,-5
20231203,5,140,167,72,-7
20231206,6,140,173,72,-34
20231216,7,140,138,72,8
20231219,8,140,200,65,-5
20231221,9,140,206,65,-12
20231106,0,141,240,65,-10
20231110,1,141,114,65,2
20231115,2,141,263,78,-6
20231116,3,141,318,65,5
20231117,4,141,193,78,-9
20231124,5,141,129,65,-13
20231128,6,141,12,65,-38
20231202,7,141,115,65,-13
20231219,8,141,281,65,-6
20231222,9,141,238,65,-10
20231113,0,142,84,72,7
20231117,1,142,73,78,-13
20231118,2,142,183,78,-24
20231120,3,142,70,78,3
20231125,4,142,355,65,-13
20231128,5,142,219,72,34
20231201,6,142,343,65,3
20231209,7,142,91,65,6
20231213,8,142,202,65,-6
20231216,9,142,87,65,-16
20231220,10,142,234,65,-2
20231221,11,142,189,78,19
20231109,0,297,2,72,16
20231114,1,297,129,65,-27
20231118,2,297,98,72,2
20231122,3,297,229,65,-2
20231126,4,297,351,65,-18
20231130,5,297,210,72,15
20231202,6,297,101,65,-1
20231210,7,297,134,72,-9
20231213,8,297,38,65,12
20231216,9,297,210,65,-3
20231221,10,297,93,65,-17
20231106,0,299,168,72,16
20231112,1,299,108,72,22
20231117,2,299,253,72,25
20231122,3,299,307,78,22
20231123,4,299,342,78,-2
20231124,5,299,246,78,15
20231129,6,299,230,72,8
20231202,7,299,72,72,8
20231205,8,299,260,78,-11
20231216,9,299,274,78,-4
20231220,10,299,309,78,12
20231106,0,143,312,65,-48
20231110,1,143,301,65,-16
20231114,2,143,329,65,-29
20231122,3,143,125,78,-23
20231124,4,143,3,78,-15
20231125,5,143,181,65,-18
20231202,6,143,218,72,-17
20231208,7,143,86,65,-13
20231212,8,143,144,72,-5
20231216,9,143,215,78,6
20231217,10,143,97,78,-8
20231221,11,143,42,65,3
20231106,0,144,273,65,-43
20231112,1,144,267,65,-10
20231118,2,144,113,65,-7
20231120,3,144,34,65,3
20231121,4,144,218,78,-6
20231126,5,144,42,65,12
20231202,6,144,320,72,-3
20231205,7,144,329,65,-30
20231209,8,144,168,65,-8
20231212,9,144,143,65,5
20231220,10,144,113,72,9
20231106,0,145,218,72,13
20231110,1,145,1,72,20
20231117,2,145,38,72,34
20231123,3,145,341,78,6
20231124,4,145,21,78,-9
20231128,5,145,226,65,-20
20231202,6,145,17,65,6
20231206,7,145,279,72,32
20231212,8,145,229,72,14
20231216,9,145,230,78,-9
20231220,10,145,177,72,12
20231223,11,145,264,72,17
20231107,0,303,198,65,-42
20231112,1,303,65,72,17
20231120,2,303,336,65,2
20231125,3,303,296,78,2
20231126,4,303,63,78,2
20231201,5,303,30,65,-10
20231203,6,303,253,65,-6
20231209,7,303,313,72,-11
20231216,8,303,338,65,17
20231220,9,303,292,65,-8
20231106,0,146,354,65,4
20231111,1,146,50,65,-29
20231114,2,146,250,78,-15
20231116,3,146,290,65,9
20231125,4,146,83,65,-15
20231127,5,146,183,65,-13
20231204,6,146,183,72,5
20231207,7,146,313,72,11
20231217,8,146,91,65,-10
20231219,9,146,192,65,-13
20231109,0,304,38,65,11
20231113,1,304,188,65,-10
20231116,2,304,161,72,-12
20231117,3,304,151,72,6
20231118,4,304,278,72,9
20231124,5,304,114,65,-12
20231129,6,304,198,65,-25
20231202,7,304,86,72,-7
20231209,8,304,79,72,8
20231219,9,304,72,65,-16
20231222,10,304,267,65,-18
20231107,0,305,307,72,6
20231111,1,305,291,72,11
20231116,2,305,175,78,-1
20231117,3,305,114,78,-4
20231119,4,305,238,78,26
20231202,5,305,130,72,31
20231205,6,305,16,65,-5
20231210,7,305,73,78,-1
20231217,8,305,129,78,-18
20231223,9,305,232,72,26
20231106,0,147,18,72,9
20231111,1,147,104,65,-5
20231114,2,147,85,65,-24
20231119,3,147,59,65,6
20231120,4,147,102,78,-2
20231121,5,147,79,78,17
20231125,6,147,162,65,-14
20231129,7,147,186,65,-13
20231202,8,147,155,72,13
20231206,9,147,237,72,-2
20231216,10,147,329,65,-2
20231219,11,147,36,65,5
20231106,0,148,260,65,-43
20231112,1,148,83,65,-34
20231115,2,148,185,65,2
20231117,3,148,165,78,-10
20231118,4,148,344,78,9
20231121,5,148,268,65,-9
20231129,6,148,255,65,-11
20231202,7,148,336,72,20
20231206,8,148,1,65,2
20231209,9,148,335,65,1
20231216,10,148,196,72,2
20231220,11,148,317,65,-40
20231114,0,306,46,72,-19
20231118,1,306,139,65,-5
20231121,2,306,39,78,1
20231122,3,306,168,78,-11
20231129,4,306,316,65,-2
20231202,5,306,32,72,4
20231211,6,306,212,65,-2
20231215,7,306,259,65,-22
20231221,8,306,241,65,4
20231106,0,149,121,65,-22
20231111,1,149,6,72,13
20231117,2,149,80,65,6
20231118,3,149,247,78,5
20231125,4,149,53,65,10
20231127,5,149,152,65,-22
20231205,6,149,92,72,-23
20231209,7,149,132,65,-3
20231221,8,149,307,72,-13
20231107,0,307,305,65,-6
20231119,1,307,322,65,-9
20231122,2,307,299,78,-22
20231123,3,307,217,78,-2
20231124,4,307,197,78,22
20231129,5,307,14,72,-20
20231202,6,307,265,65,-2
20231206,7,307,315,72,5
20231209,8,307,327,65,-4
20231212,9,307,160,72,19
20231217,10,307,4,72,18
20231221,11,307,149,65,13
20231106,0,150,128,65,-17
20231109,1,150,330,65,-8
20231119,2,150,258,65,-24
20231122,3,150,213,72,15
20231125,4,150,112,72,8
20231129,5,150,170,72,18
20231202,6,150,94,65,16
20231206,7,150,91,65,-3
20231209,8,150,224,72,-1
20231217,9,150,62,65,10
20231221,10,150,178,65,-36
20231106,0,152,200,72,11
20231110,1,152,261,72,5
20231114,2,152,354,72,4
20231118,3,152,314,78,11
20231119,4,152,129,78,-9
20231127,5,152,149,72,22
20231201,6,152,164,72,4
20231210,7,152,264,72,32
20231213,8,152,39,72,-2
20231216,9,152,53,65,10
20231220,10,152,7,78,19
20231109,0,151,240,65,-17
20231113,1,151,203,72,-26
20231116,2,151,278,78,-13
20231117,3,151,304,65,-6
20231118,4,151,161,78,-3
20231128,5,151,276,65,-4
20231202,6,151,12,65,-51
20231209,7,151,325,65,-9
20231212,8,151,16,65,-41
20231216,9,151,356,72,-25
20231106,0,308,140,72,7
20231111,1,308,351,72,-10
20231116,2,308,9,78,-24
20231117,3,308,154,78,2
20231122,4,308,279,72,20
20231128,5,308,319,65,-12
20231202,6,308,285,65,-13
20231205,7,308,354,72,21
20231209,8,308,121,65,-19
20231216,9,308,77,72,-4
20231219,10,308,218,72,-20
20231222,11,308,120,72,4
20231106,0,153,221,65,-6
20231110,1,153,271,65,-11
20231114,2,153,19,72,19
20231119,3,153,55,78,-8
20231120,4,153,116,78,5
20231121,5,153,122,78,7
20231127,6,153,360,65,2
20231129,7,153,264,65,15
20231202,8,153,165,72,-21
20231206,9,153,327,72,-1
20231208,10,153,63,65,14
20231218,11,153,127,65,-17
20231220,12,153,261,65,-24
20231228,13,153,41,65,-8
20231108,0,222,239,72,18
20231111,1,222,41,65,-4
20231118,2,222,264,72,19
20231124,3,222,220,78,-5
20231125,4,222,128,78,12
20231126,5,222,22,78,5
20231202,6,222,262,72,1
20231206,7,222,362,72,-6
20231209,8,222,122,72,-5
20231222,9,222,10,65,-4
20231106,0,221,153,72,6
20231110,1,221,211,72,-7
20231115,2,221,125,72,24
20231119,3,221,354,72,17
20231124,4,221,225,78,11
20231125,5,221,184,78,30
20231129,6,221,37,72,27
20231203,7,221,287,72,10
20231206,8,221,126,72,20
20231209,9,221,223,65,-3
20231216,10,221,252,78,7
20231221,11,221,296,72,42
20231106,0,309,37,72,30
20231110,1,309,130,72,39
20231114,2,309,216,72,39
20231117,3,309,231,72,24
20231123,4,309,198,78,12
20231124,5,309,323,78,2
20231130,6,309,248,72,21
20231205,7,309,163,72,21
20231209,8,309,246,78,9
20231216,9,309,331,72,34
20231220,10,309,299,78,-12
20231228,11,309,256,72,16
20231106,0,154,1,72,-5
20231112,1,154,180,72,15
20231116,2,154,173,78,-2
20231117,3,154,308,78,-2
20231120,4,154,296,72,28
20231124,5,154,88,72,27
20231130,6,154,50,72,-14
20231205,7,154,192,65,-2
20231210,8,154,236,78,15
20231217,9,154,156,72,21
20231220,10,154,358,72,6
20231111,0,155,11,65,-5
20231113,1,155,246,65,-9
20231122,2,155,162,72,-20
20231126,3,155,56,72,7
20231129,4,155,168,72,1
20231202,5,155,147,65,-13
20231206,6,155,219,65,-5
20231209,7,155,100,72,-15
20231221,8,155,214,78,-24
20231222,9,155,208,78,15
20231224,10,155,282,78,-22
20231106,0,156,232,65,-4
20231113,1,156,131,65,-15
20231117,2,156,211,65,-8
20231121,3,156,215,72,2
20231128,4,156,101,65,-10
20231202,5,156,236,72,9
20231212,6,156,217,65,-6
20231217,7,156,154,65,-21
20231106,0,310,267,78,11
20231110,1,310,290,72,14
20231117,2,310,209,72,25
20231120,3,310,68,65,13
20231124,4,310,184,78,-6
20231125,5,310,225,78,-8
20231202,6,310,286,72,3
20231209,7,310,234,72,22
20231212,8,310,26,72,21
20231217,9,310,206,78,-20
20231221,10,310,103,72,14
20231228,11,310,323,72,8
20231110,0,157,239,72,1
20231114,1,157,6,72,10
20231118,2,157,292,78,-21
20231122,3,157,12,78,-16
20231124,4,157,312,78,-25
20231130,5,157,250,72,12
20231204,6,157,27,72,7
20231209,7,157,339,72,3
20231217,8,157,235,72,1
20231221,9,157,90,72,19
20231228,10,157,252,72,-7
20231106,0,336,180,72,-7
20231110,1,336,249,65,8
20231115,2,336,294,65,-47
20231118,3,336,106,72,1
20231120,4,336,303,72,-2
20231124,5,336,107,72,2
20231126,6,336,130,72,3
20231129,7,336,32,72,-11
20231202,8,336,148,65,-20
20231205,9,336,270,65,-30
20231209,10,336,29,65,-33
20231216,11,336,250,72,-21
20231220,12,336,30,65,-11
20231108,0,311,24,72,19
20231110,1,311,176,65,-8
20231113,2,311,342,72,4
20231118,3,311,279,65,-3
20231124,4,311,105,72,2
20231125,5,311,14,72,-5
20231126,6,311,132,72,15
20231202,7,311,104,78,-1
20231209,8,311,274,78,-15
20231211,9,311,89,72,10
20231223,10,311,169,65,4
20231106,0,223,54,72,34
20231110,1,223,108,72,9
20231114,2,223,174,72,30
20231117,3,223,134,72,23
20231123,4,223,211,78,-12
20231124,5,223,25,78,-10
20231126,6,223,343,78,-12
20231202,7,223,24,72,-9
20231206,8,223,281,65,-6
20231209,9,223,221,72,3
20231216,10,223,78,78,-1
20231221,11,223,107,72,17
20231229,12,223,169,72,27
20231109,0,158,250,65,-1
20231112,1,158,105,72,23
20231113,2,158,112,72,35
20231117,3,158,293,72,-14
20231121,4,158,251,78,-16
20231122,5,158,92,78,-8
20231124,6,158,227,78,-19
20231128,7,158,90,72,15
20231203,8,158,259,65,-25
20231206,9,158,30,72,-5
20231209,10,158,254,72,6
20231217,11,158,277,65,-22
20231221,12,158,219,72,12
20231106,0,312,143,72,48
20231110,1,312,200,72,29
20231113,2,312,70,72,12
20231117,3,312,99,72,51
20231122,4,312,266,78,-15
20231124,5,312,157,78,25
20231128,6,312,288,72,-7
20231203,7,312,40,72,-9
20231206,8,312,350,65,17
20231209,9,312,35,72,11
20231216,10,312,188,72,36
20231220,11,312,165,72,14
20231106,0,313,31,72,5
20231112,1,313,253,72,11
20231115,2,313,209,72,-10
20231118,3,313,294,65,-25
20231128,4,313,159,65,-1
20231201,5,313,334,72,11
20231203,6,313,241,72,-22
20231207,7,313,146,65,-11
20231209,8,313,303,65,11
20231216,9,313,83,78,-28
20231221,10,313,268,65,-13
20231222,11,313,282,78,-22
20231224,12,313,208,78,-1
20231106,0,159,241,65,7
20231109,1,159,255,65,6
20231117,2,159,26,65,3
20231118,3,159,27,78,16
20231119,4,159,326,78,-6
20231128,5,159,313,72,1
20231202,6,159,348,65,-10
20231215,7,159,316,65,-4
20231218,8,159,29,65,3
20231228,9,159,64,65,-34
20231108,0,160,185,65,-11
20231110,1,160,348,65,-18
20231114,2,160,1,65,5
20231119,3,160,229,78,12
20231121,4,160,62,65,12
20231129,5,160,240,65,-21
20231210,6,160,96,65,-51
20231212,7,160,307,65,-19
20231220,8,160,356,65,-26
20231228,9,160,235,65,-14
20231107,0,161,341,65,6
20231113,1,161,218,72,7
20231116,2,161,304,65,12
20231117,3,161,278,78,-14
20231118,4,161,151,78,3
20231122,5,161,210,72,-4
20231127,6,161,65,65,-3
20231202,7,161,344,65,4
20231206,8,161,68,72,-5
20231216,9,161,102,72,-10
20231219,10,161,74,65,-15
20231221,11,161,347,65,-23
20231106,0,162,171,78,7
20231110,1,162,87,65,7
20231115,2,162,58,65,3
20231118,3,162,132,65,25
20231122,4,162,155,65,20
20231125,5,162,147,72,14
20231129,6,162,24,65,14
20231202,7,162,74,72,1
20231205,8,162,56,72,11
20231210,9,162,176,65,-4
20231106,0,163,47,72,19
20231111,1,163,333,72,10
20231114,2,163,332,72,13
20231117,3,163,101,78,-3
20231119,4,163,267,78,7
20231124,5,163,108,72,14
20231128,6,163,346,72,34
20231202,7,163,314,72,15
20231205,8,163,309,65,-21
20231210,9,163,22,72,20
20231216,10,163,172,72,14
20231219,11,163,121,72,15
20231223,12,163,25,72,10
20231106,0,164,181,72,53
20231110,1,164,134,72,30
20231113,2,164,360,72,12
20231120,3,164,81,78,10
20231121,4,164,230,78,4
20231122,5,164,121,78,3
20231128,6,164,215,72,32
20231201,7,164,152,65,-4
20231204,8,164,198,72,19
20231209,9,164,225,78,6
20231216,10,164,245,78,8
20231221,11,164,99,72,43
20231106,0,166,122,65,-16
20231110,1,166,192,65,-23
20231114,2,166,86,72,2
20231118,3,166,66,78,6
20231119,4,166,56,65,-10
20231122,5,166,67,72,13
20231125,6,166,315,65,-29
20231129,7,166,75,72,3
20231205,8,166,357,65,-6
20231213,9,166,6,72,-12
20231219,10,166,124,65,-19
20231222,11,166,40,65,-30
20231110,0,167,36,72,4
20231113,1,167,282,65,-21
20231117,2,167,242,65,9
20231119,3,167,199,72,3
20231126,4,167,205,72,11
20231201,5,167,35,65,-20
20231203,6,167,140,65,7
20231208,7,167,243,72,3
20231211,8,167,361,72,-7
20231218,9,167,45,65,20
20231221,10,167,105,65,18
20231106,0,168,299,65,-16
20231110,1,168,122,78,4
20231115,2,168,343,65,-23
20231117,3,168,100,65,-3
20231121,4,168,135,78,10
20231122,5,168,306,78,11
20231129,6,168,155,65,-1
20231203,7,168,65,72,10
20231209,8,168,144,72,8
20231212,9,168,344,72,17
20231216,10,168,24,65,7
20231220,11,168,350,65,1
20231106,0,314,36,72,11
20231109,1,314,66,72,13
20231114,2,314,346,72,16
20231118,3,314,152,78,-11
20231119,4,314,348,78,-21
20231126,5,314,361,72,4
20231202,6,314,163,65,-15
20231206,7,314,22,72,-3
20231210,8,314,44,65,-15
20231216,9,314,262,78,-11
20231221,10,314,295,72,-10
20231110,0,356,85,72,-13
20231115,1,356,233,65,-16
20231121,2,356,92,78,-15
20231122,3,356,227,78,-34
20231124,4,356,251,78,-15
20231130,5,356,229,72,20
20231202,6,356,88,72,9
20231206,7,356,269,65,-36
20231213,8,356,335,72,23
20231216,9,356,151,65,25
20231220,10,356,160,72,26
20231222,11,356,275,72,-17
20231106,0,315,344,72,18
20231111,1,315,187,72,42
20231115,2,315,17,65,-7
20231120,3,315,259,78,-5
20231121,4,315,293,78,17
20231125,5,315,166,72,29
20231129,6,315,355,65,-12
20231202,7,315,219,72,19
20231206,8,315,307,65,-5
20231209,9,315,266,78,-11
20231216,10,315,300,72,8
20231221,11,315,201,72,6
20231110,0,169,121,65,-30
20231113,1,169,292,65,-14
20231117,2,169,58,65,-19
20231120,3,169,202,65,-7
20231128,4,169,281,65,-27
20231201,5,169,187,65,-2
20231203,6,169,66,72,-7
20231208,7,169,205,72,17
20231216,8,169,132,65,-6
20231220,9,169,262,65,3
20231223,10,169,311,72,-4
20231229,11,169,223,65,-27
20231106,0,170,360,65,-14
20231112,1,170,238,65,-4
20231117,2,170,332,65,-10
20231124,3,170,99,72,-9
20231126,4,170,67,72,11
20231129,5,170,150,65,-18
20231202,6,170,362,72,-14
20231206,7,170,35,65,-7
20231211,8,170,262,72,-4
20231220,9,170,174,65,2
20231222,10,170,49,72,-5
20231106,0,171,162,78,-7
20231110,1,171,18,72,24
20231112,2,171,23,72,9
20231115,3,171,77,72,11
20231118,4,171,89,72,22
20231127,5,171,179,72,31
20231202,6,171,271,72,-18
20231206,7,171,347,65,-19
20231209,8,171,186,65,7
20231216,9,171,112,72,22
20231223,10,171,129,78,-10
20231106,0,193,261,65,-16
20231113,1,193,288,65,-18
20231116,2,193,263,78,3
20231117,3,193,141,78,9
20231119,4,193,318,65,-12
20231125,5,193,264,72,14
20231201,6,193,239,65,-23
20231206,7,193,331,72,9
20231210,8,193,11,65,-12
20231221,9,193,20,65,-11
20231108,0,194,352,72,37
20231109,1,194,106,72,11
20231114,2,194,211,72,-13
20231120,3,194,350,78,12
20231122,4,194,332,78,-8
20231126,5,194,276,72,13
20231129,6,194,261,72,-2
20231203,7,194,212,72,43
20231206,8,194,7,65,-2
20231216,9,194,72,65,11
20231219,10,194,88,72,36
20231222,11,194,137,65,27
20231107,0,33,294,65,-14
20231110,1,33,197,65,-18
20231117,2,33,240,65,-35
20231120,3,33,28,78,-4
20231122,4,33,10,78,-3
20231126,5,33,250,65,6
20231202,6,33,31,65,-10
20231209,7,33,30,72,-2
20231218,8,33,254,72,-31
20231228,9,33,270,65,-3
20231110,0,172,95,65,-7
20231114,1,172,45,65,7
20231117,2,172,280,65,-5
20231118,3,172,118,78,15
20231121,4,172,200,72,14
20231126,5,172,176,65,-9
20231130,6,172,295,72,-6
20231202,7,172,18,72,-21
20231206,8,172,175,65,-35
20231209,9,172,66,72,-10
20231216,10,172,163,65,-14
20231219,11,172,199,65,-14
20231221,12,172,51,72,10
20231106,0,176,105,72,21
20231110,1,176,311,72,8
20231114,2,176,205,72,44
20231117,3,176,212,72,-3
20231120,4,176,274,65,-8
20231126,5,176,172,72,9
20231129,6,176,342,65,13
20231202,7,176,208,78,9
20231206,8,176,5,72,16
20231210,9,176,162,72,4
20231216,10,176,95,78,25
20231221,11,176,44,65,-7
20231106,0,177,324,72,12
20231111,1,177,91,72,9
20231116,2,177,334,78,10
20231117,3,177,237,78,-10
20231119,4,177,355,78,-19
20231125,5,177,51,72,1
20231128,6,177,337,72,-5
20231202,7,177,192,65,-39
20231206,8,177,55,65,-6
20231209,9,177,87,72,3
20231216,10,177,115,72,1
20231220,11,177,145,65,-12
20231109,0,178,227,72,14
20231112,1,178,349,72,-4
20231117,2,178,182,78,-25
20231119,3,178,360,78,-17
20231124,4,178,52,72,34
20231127,5,178,328,72,-7
20231201,6,178,16,78,-3
20231205,7,178,41,72,13
20231209,8,178,46,65,3
20231216,9,178,293,78,2
20231219,10,178,128,72,37
20231221,11,178,150,72,36
20231223,12,178,131,72,-5
20231106,0,179,186,65,-11
20231111,1,179,138,65,27
20231115,2,179,67,65,-1
20231120,3,179,283,72,-8
20231127,4,179,171,65,-31
20231201,5,179,140,65,5
20231203,6,179,35,65,2
20231208,7,179,58,65,-9
20231212,8,179,280,72,6
20231106,0,180,336,65,7
20231109,1,180,339,72,-6
20231112,2,180,154,65,-15
20231117,3,180,226,65,-3
20231120,4,180,239,65,2
20231122,5,180,82,78,18
20231129,6,180,7,65,-17
20231203,7,180,106,72,20
20231209,8,180,131,65,-9
20231212,9,180,276,72,1
20231215,10,180,216,72,-13
20231220,11,180,83,65,-12
20231228,12,180,217,65,-36
20231106,0,181,164,65,-53
20231110,1,181,343,65,-10
20231117,2,181,188,72,17
20231122,3,181,3,72,32
20231124,4,181,125,72,8
20231125,5,181,143,72,18
20231130,6,181,275,72,23
20231211,7,181,2,72,27
20231216,8,181,14,72,6
20231219,9,181,340,65,18
20231221,10,181,215,65,22
20231108,0,316,97,72,26
20231111,1,316,254,65,-6
20231117,2,316,107,72,9
20231120,3,316,243,72,8
20231124,4,316,8,78,14
20231125,5,316,268,78,-11
20231129,6,316,306,72,2
20231203,7,316,197,65,-24
20231206,8,316,337,65,-27
20231209,9,316,7,72,5
20231215,10,316,159,72,4
20231221,11,316,321,72,3
20231106,0,182,30,72,26
20231110,1,182,21,65,-9
20231114,2,182,31,72,12
20231117,3,182,178,78,25
20231119,4,182,330,78,3
20231125,5,182,249,78,9
20231201,6,182,254,65,1
20231205,7,182,83,65,-6
20231209,8,182,251,72,1
20231221,9,182,197,72,14
20231109,0,317,174,72,32
20231112,1,317,16,65,-5
20231117,2,317,83,78,-4
20231119,3,317,53,78,16
20231122,4,317,165,72,16
20231126,5,317,287,78,18
20231203,6,317,7,65,-11
20231206,7,317,341,65,13
20231211,8,317,296,72,13
20231213,9,317,185,72,3
20231216,10,317,337,78,-1
20231220,11,317,148,72,40
20231222,12,317,29,72,20
20231107,0,183,251,72,8
20231112,1,183,217,65,-14
20231117,2,183,1,78,-6
20231118,3,183,142,78,24
20231120,4,183,84,78,19
20231127,5,183,146,72,13
20231129,6,183,27,65,-4
20231202,7,183,290,65,-17
20231204,8,183,146,65,-5
20231209,9,183,296,72,5
20231217,10,183,290,72,-11
20231220,11,183,184,72,3
20231108,0,184,338,72,8
20231111,1,184,174,72,23
20231114,2,184,197,65,12
20231118,3,184,191,72,2
20231120,4,184,130,72,42
20231124,5,184,310,78,6
20231125,6,184,221,78,-30
20231202,7,184,249,65,-15
20231209,8,184,227,78,-17
20231213,9,184,337,72,-2
20231216,10,184,348,78,8
20231220,11,184,183,65,-3
20231223,12,184,58,78,8
20231108,0,185,160,72,11
20231111,1,185,133,72,3
20231115,2,185,148,72,-2
20231118,3,185,343,65,-4
20231122,4,185,270,72,37
20231126,5,185,254,72,12
20231129,6,185,339,65,-6
20231202,7,185,196,72,10
20231213,8,185,317,65,-3
20231217,9,185,330,72,-1
20231220,10,185,115,72,6
20231106,0,186,179,72,11
20231111,1,186,67,72,30
20231115,2,186,199,72,25
20231118,3,186,346,72,21
20231123,4,186,323,78,-8
20231124,5,186,198,78,-13
20231129,6,186,147,72,13
20231205,7,186,12,65,-18
20231209,8,186,171,72,-7
20231212,9,186,132,72,9
20231217,10,186,288,78,6
20231220,11,186,260,72,15
20231223,12,186,360,65,-20
20231106,0,187,45,72,2
20231111,1,187,315,65,-42
20231113,2,187,5,65,-20
20231120,3,187,37,78,-14
20231121,4,187,333,78,-2
20231126,5,187,199,72,-35
20231201,6,187,169,72,2
20231203,7,187,136,65,-32
20231206,8,187,23,72,-16
20231209,9,187,173,65,-33
20231219,10,187,49,72,-21
20231222,11,187,22,65,-4
20231111,0,318,201,65,14
20231114,1,318,225,65,-56
20231116,2,318,141,72,-5
20231117,3,318,263,72,7
20231119,4,318,193,72,12
20231125,5,318,281,65,-13
20231130,6,318,98,65,-18
20231206,7,318,124,65,21
20231221,8,318,2,72,16
20231106,0,319,320,72,29
20231110,1,319,345,78,2
20231113,2,319,344,72,10
20231117,3,319,53,78,5
20231119,4,319,83,78,7
20231128,5,319,308,72,12
20231201,6,319,220,72,22
20231206,7,319,40,65,-5
20231209,8,319,59,65,6
20231216,9,319,38,72,4
20231219,10,319,357,72,10
20231222,11,319,65,72,27
20231109,0,188,322,65,-44
20231113,1,188,304,72,10
20231117,2,188,181,65,-17
20231120,3,188,236,65,-20
20231122,4,188,288,65,-23
20231125,5,188,131,65,-18
20231128,6,188,74,65,-8
20231202,7,188,38,65,-2
20231209,8,188,15,72,-9
20231211,9,188,99,72,1
20231216,10,188,312,65,-36
20231218,11,188,298,65,-4
20231110,0,321,231,72,21
20231114,1,321,53,65,-12
20231117,2,321,344,78,4
20231118,3,321,165,78,-12
20231126,4,321,241,72,-1
20231203,5,321,352,65,2
20231209,6,321,28,72,5
20231216,7,321,251,65,-43
20231219,8,321,28,65,-20
20231221,9,321,316,65,-3
20231106,0,189,224,72,-6
20231113,1,189,101,65,-23
20231119,2,189,257,78,-3
20231120,3,189,76,78,-2
20231122,4,189,325,65,11
20231201,5,189,238,78,13
20231205,6,189,103,72,-9
20231209,7,189,355,78,10
20231220,8,189,334,78,-13
20231221,9,189,142,78,-19
20231109,0,322,188,72,44
20231115,1,322,37,72,-5
20231119,2,322,307,72,9
20231122,3,322,278,72,-11
20231130,4,322,87,65,-19
20231202,5,322,282,65,-10
20231209,6,322,72,78,16
20231212,7,322,248,72,18
20231216,8,322,117,72,13
20231222,9,322,199,72,16
20231106,0,190,83,65,-21
20231110,1,190,25,65,-35
20231115,2,190,265,72,-19
20231120,3,190,256,72,2
20231125,4,190,265,78,-19
20231126,5,190,228,65,-16
20231130,6,190,289,65,-30
20231209,7,190,165,65,-9
20231221,8,190,91,65,-21
20231110,0,191,9,65,-15
20231115,1,191,21,65,-57
20231118,2,191,184,65,-2
20231124,3,191,354,78,-1
20231125,4,191,209,78,-14
20231201,5,191,114,65,-7
20231209,6,191,195,65,-25
20231212,7,191,115,65,-29
20231216,8,191,137,65,6
20231220,9,191,82,72,1
20231106,0,195,214,65,-33
20231108,1,195,293,65,14
20231113,2,195,245,65,-38
20231117,3,195,352,65,-8
20231119,4,195,271,65,-28
20231125,5,195,340,65,-12
20231128,6,195,121,65,-37
20231203,7,195,129,65,1
20231209,8,195,191,72,25
20231216,9,195,240,65,-24
20231110,0,192,166,72,23
20231116,1,192,39,72,16
20231121,2,192,100,78,-6
20231122,3,192,139,78,27
20231128,4,192,92,65,-29
20231202,5,192,177,72,39
20231205,6,192,154,72,2
20231212,7,192,10,72,-2
20231216,8,192,355,65,-1
20231219,9,192,146,72,13
20231222,10,192,324,72,31
20231106,0,324,177,65,-12
20231109,1,324,127,65,-23
20231112,2,324,39,72,-11
20231118,3,324,104,65,-1
20231120,4,324,24,65,-11
20231124,5,324,57,65,-18
20231202,6,324,19,72,-2
20231206,7,324,165,72,-13
20231209,8,324,92,65,-44
20231222,9,324,192,65,-31
20231110,0,325,224,65,-18
20231119,1,325,339,78,-2
20231120,2,325,30,78,-7
20231122,3,325,189,72,-11
20231125,4,325,333,65,6
20231201,5,325,244,65,3
20231209,6,325,151,72,9
20231213,7,325,123,65,-19
20231218,8,325,106,65,3
20231223,9,325,226,78,-17
20231106,0,196,28,65,-1
20231114,1,196,337,65,-9
20231121,2,196,115,65,-14
20231122,3,196,216,78,7
20231129,4,196,26,72,-25
20231202,5,196,185,65,-10
20231205,6,196,328,65,-2
20231209,7,196,90,72,8
20231216,8,196,148,65,-2
20231219,9,196,133,65,-1
20231222,10,196,128,72,6
20231106,0,173,113,72,4
20231111,1,173,35,72,-3
20231116,2,173,154,78,2
20231117,3,173,9,78,-17
20231122,4,173,24,72,6
20231125,5,173,126,72,30
20231202,6,173,201,65,15
20231206,7,173,140,65,34
20231209,8,173,187,72,33
20231216,9,173,69,78,-10
20231222,10,173,200,72,26
20231106,0,174,252,65,-31
20231109,1,174,317,65,-32
20231111,2,174,184,65,-23
20231114,3,174,223,65,-30
20231125,4,174,140,72,-8
20231129,5,174,108,65,1
20231202,6,174,5,65,2
20231210,7,174,95,65,-7
20231215,8,174,136,72,-7
20231220,9,174,170,72,-2
20231107,0,175,202,72,16
20231113,1,175,286,72,-16
20231116,2,175,305,78,1
20231117,3,175,261,78,-7
20231119,4,175,328,78,9
20231125,5,175,45,72,46
20231201,6,175,350,65,6
20231206,7,175,172,72,35
20231210,8,175,17,78,-6
20231216,9,175,73,72,22
20231220,10,175,360,72,15
20231223,11,175,260,65,-4
20231106,0,326,249,65,-5
20231110,1,326,90,72,1
20231117,2,326,27,78,-1
20231118,3,326,26,65,-4
20231119,4,326,159,78,6
20231125,5,326,331,65,-13
20231201,6,326,354,65,14
20231206,7,326,333,72,4
20231210,8,326,39,65,16
20231214,9,326,121,65,-5
20231106,0,197,32,72,9
20231110,1,197,33,72,18
20231114,2,197,184,72,-12
20231117,3,197,64,72,25
20231122,4,197,246,78,-3
20231123,5,197,286,78,-5
20231124,6,197,307,78,-22
20231203,7,197,316,72,24
20231217,8,197,270,72,18
20231221,9,197,182,65,-14
20231109,0,203,128,65,-5
20231113,1,203,151,65,26
20231119,2,203,116,78,10
20231120,3,203,55,78,24
20231121,4,203,337,78,-30
20231129,5,203,207,72,-2
20231202,6,203,1,65,5
20231205,7,203,115,72,-7
20231209,8,203,334,65,-8
20231219,9,203,139,72,3
20231111,0,204,293,65,-16
20231113,1,204,269,65,-31
20231120,2,204,333,78,18
20231121,3,204,37,78,10
20231126,4,204,257,65,3
20231203,5,204,39,65,-23
20231205,6,204,300,65,-23
20231217,7,204,291,65,-8
20231219,8,204,71,65,12
20231222,9,204,258,65,-8
20231106,0,205,220,65,-45
20231109,1,205,242,72,13
20231111,2,205,260,65,-40
20231114,3,205,176,65,-44
20231117,4,205,274,65,-34
20231120,5,205,212,65,-11
20231126,6,205,167,65,-11
20231129,7,205,283,72,-6
20231202,8,205,200,72,-15
20231206,9,205,202,65,-18
20231208,10,205,169,65,-17
20231211,11,205,295,65,-13
20231221,12,205,285,65,-38
20231107,0,202,175,65,-16
20231113,1,202,58,65,-22
20231115,2,202,292,65,-21
20231120,3,202,169,72,7
20231129,4,202,361,65,-8
20231202,5,202,346,72,-1
20231206,6,202,205,72,18
20231209,7,202,23,72,11
20231213,8,202,142,72,6
20231217,9,202,242,65,4
20231221,10,202,127,65,-44
20231106,0,206,295,72,11
20231108,1,206,35,72,12
20231114,2,206,43,72,4
20231120,3,206,230,78,-17
20231121,4,206,81,78,-19
20231128,5,206,114,72,23
20231202,6,206,329,65,-22
20231205,7,206,49,72,11
20231209,8,206,77,65,12
20231217,9,206,310,78,20
20231221,10,206,140,72,12
20231106,0,214,195,72,33
20231109,1,214,291,72,22
20231114,2,214,231,72,33
20231117,3,214,130,72,34
20231121,4,214,4,72,19
20231127,5,214,88,72,37
20231202,6,214,77,65,1
20231209,7,214,40,78,-8
20231216,8,214,7,78,20
20231221,9,214,155,78,24
20231222,10,214,294,78,-13
20231224,11,214,268,65,14
20231106,0,207,329,65,-30
20231109,1,207,71,65,17
20231114,2,207,20,65,-23
20231120,3,207,10,78,7
20231122,4,207,28,78,19
20231129,5,207,203,65,2
20231202,6,207,231,72,2
20231218,7,207,98,72,-3
20231221,8,207,230,65,-19
20231106,0,208,279,72,20
20231110,1,208,243,65,7
20231114,2,208,56,65,2
20231118,3,208,47,72,-5
20231122,4,208,226,72,-1
20231129,5,208,104,72,7
20231202,6,208,176,78,-9
20231210,7,208,199,78,5
20231216,8,208,343,65,-9
20231221,9,208,294,78,-24
20231222,10,208,155,78,-15
20231224,11,208,313,78,1
20231106,0,230,210,72,38
20231110,1,230,332,65,10
20231114,2,230,358,72,21
20231120,3,230,206,78,17
20231121,4,230,164,78,-4
20231122,5,230,273,78,-9
20231129,6,230,299,65,-8
20231205,7,230,76,72,21
20231209,8,230,271,72,7
20231212,9,230,79,72,18
20231216,10,230,145,78,9
20231221,11,230,207,72,19
20231111,0,229,129,65,-24
20231117,1,229,62,65,6
20231119,2,229,160,78,-12
20231122,3,229,297,72,2
20231125,4,229,39,65,23
20231130,5,229,356,65,-20
20231202,6,229,123,65,-11
20231212,7,229,145,65,-14
20231218,8,229,265,65,-7
20231228,9,229,209,65,16
20231115,0,209,313,65,10
20231117,1,209,310,65,-25
20231124,2,209,124,78,-1
20231125,3,209,191,78,14
20231129,4,209,2,65,-2
20231202,5,209,10,72,4
20231210,6,209,111,65,-7
20231213,7,209,109,65,-22
20231219,8,209,92,65,-21
20231228,9,209,229,72,-16
20231106,0,210,230,65,-38
20231110,1,210,137,65,-6
20231114,2,210,111,72,-31
20231119,3,210,228,65,-5
20231122,4,210,161,65,4
20231128,5,210,351,72,-4
20231130,6,210,297,65,-15
20231210,7,210,60,65,-1
20231216,8,210,297,72,3
20231220,9,210,265,65,-31
20231228,10,210,247,72,-6
20231106,0,233,335,72,32
20231110,1,233,54,72,27
20231115,2,233,356,72,16
20231119,3,233,277,78,1
20231120,4,233,260,78,-10
20231126,5,233,334,72,23
20231130,6,233,216,72,19
20231206,7,233,121,65,-21
20231209,8,233,88,72,27
20231216,9,233,114,78,11
20231222,10,233,213,72,16
20231106,0,211,212,72,32
20231110,1,211,221,65,7
20231114,2,211,194,65,13
20231117,3,211,156,72,8
20231123,4,211,223,78,12
20231124,5,211,69,78,-7
20231126,6,211,96,78,4
20231129,7,211,329,65,-12
20231206,8,211,53,72,25
20231210,9,211,284,72,-6
20231216,10,211,269,78,-4
20231222,11,211,88,72,27
20231106,0,212,211,65,-32
20231108,1,212,217,65,-27
20231110,2,212,274,65,-20
20231112,3,212,165,65,-22
20231117,4,212,176,65,3
20231120,5,212,205,72,11
20231126,6,212,263,72,-10
20231203,7,212,194,65,-43
20231211,8,212,306,72,2
20231111,0,213,269,65,-32
20231116,1,213,217,65,-9
20231122,2,213,150,65,-15
20231124,3,213,112,78,-15
20231129,4,213,234,65,4
20231206,5,213,231,72,-2
20231209,6,213,291,72,4
20231215,7,213,231,65,10
20231222,8,213,233,65,-16
20231106,0,215,227,65,-37
20231111,1,215,7,65,-11
20231116,2,215,329,65,-29
20231118,3,215,50,65,-32
20231121,4,215,156,65,-2
20231125,5,215,55,65,-6
20231128,6,215,164,65,-32
20231216,7,215,143,78,-6
20231217,8,215,89,78,1
20231221,9,215,181,72,-22
20231106,0,216,247,65,-5
20231111,1,216,126,65,10
20231114,2,216,309,65,-39
20231117,3,216,235,72,10
20231121,4,216,123,78,-11
20231122,5,216,196,78,-7
20231125,6,216,232,65,7
20231130,7,216,233,65,-19
20231215,8,216,180,65,13
20231221,9,216,269,65,-35
20231108,0,217,212,72,27
20231112,1,217,183,72,14
20231116,2,217,213,72,9
20231122,3,217,342,78,-16
20231123,4,217,307,78,2
20231124,5,217,286,78,16
20231130,6,217,25,65,-8
20231206,7,217,291,72,29
20231212,8,217,156,72,6
20231216,9,217,341,78,22
20231221,10,217,232,72,11
20231228,11,217,180,72,36
20231106,0,218,145,65,-13
20231110,1,218,17,72,-4
20231113,2,218,161,65,-7
20231120,3,218,90,78,1
20231121,4,218,144,78,6
20231122,5,218,34,65,-7
20231128,6,218,38,72,29
20231202,7,218,143,65,17
20231214,8,218,44,65,-15
20231219,9,218,308,65,20
20231106,0,327,264,72,34
20231111,1,327,275,72,9
20231114,2,327,359,65,1
20231121,3,327,227,78,-8
20231122,4,327,251,78,-6
20231124,5,327,92,78,-2
20231202,6,327,76,72,-9
20231206,7,327,153,65,1
20231209,8,327,307,72,4
20231213,9,327,122,72,1
20231220,10,327,237,72,-26
20231223,11,327,350,65,-10
20231106,0,238,259,65,-18
20231109,1,238,48,65,21
20231112,2,238,170,72,4
20231116,3,238,269,78,-16
20231117,4,238,347,78,-10
20231119,5,238,305,78,-26
20231126,6,238,135,72,9
20231201,7,238,189,78,-13
20231206,8,238,282,72,10
20231209,9,238,280,65,16
20231216,10,238,23,78,-8
20231222,11,238,141,72,10
20231108,0,239,222,65,-18
20231110,1,239,157,65,-1
20231120,2,239,180,72,-2
20231124,3,239,82,72,13
20231127,4,239,62,65,-1
20231201,5,239,193,72,23
20231209,6,239,261,65,-12
20231219,7,239,226,65,-21
20231221,8,239,62,72,7
20231106,0,240,141,72,10
20231109,1,240,151,72,17
20231117,2,240,33,72,35
20231120,3,240,20,78,-3
20231122,4,240,249,78,3
20231129,5,240,160,72,21
20231203,6,240,73,65,8
20231209,7,240,129,78,-30
20231214,8,240,74,72,7
20231216,9,240,195,72,24
20231222,10,240,76,72,-3
20231106,0,236,256,72,17
20231111,1,236,335,72,14
20231116,2,236,97,72,20
20231120,3,236,188,72,20
20231125,4,236,247,65,-2
20231202,5,236,156,65,-9
20231205,6,236,117,72,11
20231210,7,236,154,78,-15
20231216,8,236,131,72,1
20231219,9,236,130,72,29
20231222,10,236,139,72,6
20231106,0,244,20,72,-2
20231110,1,244,40,78,-1
20231112,2,244,281,78,3
20231116,3,244,4,72,3
20231121,4,244,128,65,1
20231125,5,244,74,72,6
20231128,6,244,123,72,-21
20231201,7,244,325,72,-3
20231209,8,244,8,65,-19
20231213,9,244,2,65,11
20231222,10,244,55,72,1
20231109,0,250,158,72,1
20231112,1,250,290,65,-13
20231114,2,250,146,78,15
20231126,3,250,33,72,-6
20231130,4,250,157,65,-12
20231206,5,250,294,65,-12
20231209,6,250,333,72,-2
20231216,7,250,336,65,21
20231219,8,250,290,72,-12
20231228,9,250,255,72,14
20231107,0,251,183,65,-8
20231111,1,251,139,72,17
20231114,2,251,323,65,10
20231121,3,251,158,78,16
20231122,4,251,327,78,6
20231124,5,251,356,78,15
20231129,6,251,58,65,-4
20231202,7,251,337,65,-10
20231209,8,251,182,65,-1
20231216,9,251,321,72,43
20231220,10,251,227,65,-13
20231228,11,251,253,72,7
20231110,0,253,328,65,-29
20231112,1,253,313,65,-11
20231117,2,253,299,65,-25
20231121,3,253,331,78,6
20231122,4,253,133,65,-1
20231130,5,253,252,65,-1
20231203,6,253,303,72,6
20231206,7,253,348,65,-37
20231216,8,253,26,72,-1
20231221,9,253,270,72,15
20231228,10,253,251,65,-7
20231106,0,254,263,72,8
20231111,1,254,316,72,6
20231118,2,254,243,72,18
20231124,3,254,270,78,-3
20231126,4,254,185,65,-12
20231128,5,254,330,65,-27
20231201,6,254,182,72,-1
20231209,7,254,158,65,-6
20231218,8,254,33,65,31
20231220,9,254,249,65,-4
20231228,10,254,28,72,12
20231109,0,255,159,72,-6
20231113,1,255,234,65,-13
20231119,2,255,107,72,24
20231127,3,255,29,65,4
20231129,4,255,148,72,11
20231206,5,255,227,65,-23
20231216,6,255,116,78,9
20231220,7,255,89,72,13
20231228,8,255,250,65,-14
20231106,0,257,71,72,23
20231110,1,257,285,65,-16
20231116,2,257,30,72,28
20231119,3,257,189,78,3
20231120,4,257,300,78,3
20231126,5,257,204,72,-3
20231202,6,257,111,72,15
20231206,7,257,99,72,42
20231210,8,257,226,72,-2
20231218,9,257,278,72,23
20231221,10,257,68,72,13
20231106,0,252,174,72,31
20231110,1,252,105,72,18
20231115,2,252,112,72,20
20231120,3,252,121,78,-2
20231122,4,252,81,78,-4
20231130,5,252,253,72,1
20231209,6,252,342,65,-9
20231216,7,252,221,78,-7
20231219,8,252,32,72,-4
20231222,9,252,281,72,-9
20231228,10,252,157,65,7
20231106,0,280,277,65,-1
20231111,1,280,120,72,-6
20231117,2,280,172,72,5
20231119,3,280,118,72,15
20231121,4,280,281,65,-24
20231125,5,280,219,65,-15
20231127,6,280,84,65,4
20231130,7,280,48,65,-19
20231202,8,280,108,72,5
20231206,9,280,135,65,-12
20231209,10,280,238,72,-16
20231212,11,280,179,65,-6
20231220,12,280,198,65,-22
20231114,0,289,12,65,-38
20231117,1,289,46,65,-23
20231124,2,289,301,78,-12
20231125,3,289,22,78,-10
20231126,4,289,128,78,-4
20231130,5,289,190,72,30
20231205,6,289,273,65,-19
20231209,7,289,110,65,5
20231216,8,289,19,65,-10
20231220,9,289,60,65,-13
20231110,0,283,51,65,33
20231114,1,283,78,65,3
20231116,2,283,7,65,-2
20231120,3,283,179,65,8
20231129,4,283,205,65,6
20231202,5,283,125,65,-6
20231209,6,283,282,65,-14
20231212,7,283,112,72,13
20231216,8,283,36,72,-3
20231222,9,283,18,65,8
20231107,0,298,286,65,-25
20231111,1,298,302,72,-17
20231124,2,298,111,78,-11
20231125,3,298,358,78,3
20231126,4,298,353,78,10
20231205,5,298,102,65,-3
20231209,6,298,351,65,-15
20231213,7,298,9,78,-25
20231218,8,298,188,72,4
20231221,9,298,6,78,13
20231223,10,298,102,72,9
20231110,0,301,143,72,16
20231114,1,301,341,65,-4
20231117,2,301,246,65,6
20231124,3,301,289,78,12
20231125,4,301,262,78,11
20231126,5,301,272,78,1
20231207,6,301,62,72,2
20231210,7,301,65,72,9
20231216,8,301,122,65,-7
20231219,9,301,86,65,-11
20231111,0,302,298,65,17
20231120,1,302,137,78,2
20231121,2,302,6,78,-30
20231125,3,302,70,65,16
20231130,4,302,59,65,-8
20231202,5,302,274,65,7
20231216,6,302,79,65,5
20231221,7,302,122,65,9
20231108,0,293,195,72,-14
20231111,1,293,204,72,16
20231117,2,293,158,65,14
20231120,3,293,72,78,-8
20231121,4,293,315,78,-17
20231128,5,293,224,72,2
20231209,6,293,116,72,-3
20231213,7,293,50,72,15
20231216,8,293,178,78,-2
20231221,9,293,87,72,18
20231106,0,323,101,78,13
20231109,1,323,28,72,26
20231114,2,323,251,72,-10
20231119,3,323,22,72,11
20231123,4,323,186,78,8
20231124,5,323,309,78,-2
20231129,6,323,64,72,28
20231202,7,323,81,78,-13
20231210,8,323,31,72,-5
20231217,9,323,9,65,-16
20231219,10,323,3,65,20
20231228,11,323,310,65,-8
20231106,0,320,319,65,-29
20231110,1,320,341,65,-7
20231115,2,320,59,65,2
20231118,3,320,287,65,-14
20231121,4,320,11,65,-17
20231129,5,320,42,65,-2
20231202,6,320,144,65,3
20231209,7,320,102,72,-7
20231216,8,320,351,72,-17
20231221,9,320,52,65,-3
20231106,0,232,156,72,4
20231116,1,232,227,65,-2
20231119,2,232,245,65,-45
20231122,3,232,4,72,13
20231125,4,232,216,72,-7
20231129,5,232,1,72,15
20231202,6,232,83,65,-7
20231216,7,232,241,78,3
20231221,8,232,217,65,-11
20231223,9,232,305,65,-26
20231110,0,231,321,65,-21
20231114,1,231,214,65,-33
20231117,2,231,309,65,-24
20231124,3,231,268,78,-19
20231125,4,231,8,78,-17
20231129,5,231,83,72,-10
20231202,6,231,207,65,-2
20231206,7,231,213,65,2
20231215,8,231,213,72,-10
20231218,9,231,39,65,-10
20231113,0,234,255,72,13
20231117,1,234,10,72,8
20231120,2,234,249,78,3
20231122,3,234,20,78,-4
20231125,4,234,116,65,-20
20231129,5,234,213,72,-4
20231209,6,234,310,65,-22
20231217,7,234,1,65,-6
20231220,8,234,142,72,2
20231221,9,234,334,72,11
20231106,0,235,352,72,10
20231110,1,235,287,65,-26
20231114,2,235,106,65,-8
20231117,3,235,216,65,-10
20231120,4,235,88,65,2
20231124,5,235,98,72,-15
20231125,6,235,335,72,10
20231130,7,235,106,72,3
20231213,8,235,247,65,-9
20231217,9,235,157,65,-1
20231221,10,235,242,72,-10
20231228,11,235,160,72,14
20231106,0,328,64,72,35
20231110,1,328,253,72,29
20231116,2,328,347,78,7
20231117,3,328,269,78,-10
20231119,4,328,175,78,-9
20231127,5,328,178,65,7
20231130,6,328,268,78,13
20231205,7,328,196,72,2
20231209,8,328,21,72,4
20231216,9,328,339,72,14
20231220,10,328,13,72,42
20231111,0,337,20,65,-6
20231114,1,337,196,72,9
20231119,2,337,122,78,23
20231120,3,337,224,78,3
20231121,4,337,203,78,30
20231128,5,337,177,65,5
20231202,6,337,251,72,10
20231206,7,337,316,72,27
20231213,8,337,184,65,2
20231216,9,337,317,78,1
20231222,10,337,60,72,15
20231108,0,338,184,65,-8
20231111,1,338,98,65,2
20231117,2,338,362,65,-7
20231124,3,338,348,65,-40
20231127,4,338,110,65,7
20231202,5,338,339,72,12
20231206,6,338,26,65,3
20231209,7,338,270,72,-1
20231211,8,338,32,65,-5
20231216,9,338,303,72,-17
20231221,10,338,259,65,-27
20231109,0,339,180,65,6
20231115,1,339,300,65,-17
20231119,2,339,325,78,2
20231120,3,339,49,78,-13
20231129,4,339,185,72,6
20231202,5,339,338,65,-12
20231205,6,339,349,72,16
20231209,7,339,157,65,-3
20231216,8,339,328,65,-14
20231220,9,339,109,72,-16
20231106,0,343,123,72,-11
20231110,1,343,181,72,10
20231115,2,343,168,72,23
20231118,3,343,185,72,4
20231123,4,343,96,78,-4
20231124,5,343,16,78,-4
20231126,6,343,223,78,12
20231201,7,343,142,72,-3
20231206,8,343,284,72,-5
20231210,9,343,4,72,28
20231216,10,343,208,72,9
20231222,11,343,279,72,24
20231106,0,344,315,65,-18
20231113,1,344,319,65,-10
20231117,2,344,321,78,-4
20231118,3,344,148,78,-9
20231122,4,344,241,65,-10
20231129,5,344,243,65,-20
20231202,6,344,161,72,-4
20231209,7,344,5,72,-8
20231212,8,344,168,65,-17
20231217,9,344,113,65,-19
20231110,0,340,94,72,-10
20231114,1,340,331,72,5
20231117,2,340,271,65,-23
20231121,3,340,352,72,7
20231125,4,340,195,72,12
20231129,5,340,55,72,-18
20231202,6,340,14,65,-9
20231206,7,340,37,65,-4
20231209,8,340,345,65,-21
20231216,9,340,39,72,-1
20231219,10,340,181,72,-18
20231229,11,340,65,65,-4
20231107,0,341,161,72,-6
20231110,1,341,320,72,7
20231114,2,341,301,72,4
20231117,3,341,256,72,4
20231123,4,341,145,78,-6
20231124,5,341,7,78,-15
20231129,6,341,17,72,-18
20231202,7,341,2,72,19
20231206,8,341,317,72,-13
20231216,9,341,217,78,-22
20231219,10,341,351,72,-1
20231223,11,341,284,65,-2
20231106,0,237,125,72,12
20231116,1,237,44,78,9
20231117,2,237,177,78,10
20231119,3,237,109,78,-10
20231125,4,237,20,65,-9
20231129,5,237,51,72,11
20231202,6,237,361,72,1
20231206,7,237,147,65,2
20231209,8,237,43,72,-6
20231216,9,237,345,65,-22
20231220,10,237,327,65,26
20231222,11,237,126,65,-1
20231106,0,342,5,72,27
20231110,1,342,107,72,26
20231113,2,342,311,65,-4
20231117,3,342,281,72,17
20231122,4,342,217,78,16
20231123,5,342,299,78,2
20231124,6,342,284,78,16
20231129,7,342,176,72,-13
20231202,8,342,56,78,-2
20231205,9,342,101,65,-1
20231209,10,342,252,72,9
20231220,11,342,50,65,2
20231223,12,342,53,65,36
20231106,0,329,207,72,30
20231110,1,329,266,78,3
20231114,2,329,143,72,29
20231116,3,329,215,72,29
20231120,4,329,332,78,-24
20231122,5,329,350,78,2
20231129,6,329,211,72,12
20231202,7,329,206,72,22
20231205,8,329,144,72,30
20231216,9,329,147,72,2
20231219,10,329,284,65,-23
20231227,11,329,135,72,35
20231106,0,345,48,72,45
20231110,1,345,319,78,-2
20231115,2,345,34,72,16
20231119,3,345,358,72,22
20231123,4,345,16,78,7
20231124,5,345,96,78,9
20231126,6,345,69,78,-34
20231129,7,345,9,65,-17
20231203,8,345,277,72,7
20231209,9,345,340,72,21
20231216,10,345,237,72,22
20231221,11,345,5,72,22
20231106,0,346,73,65,-4
20231114,1,346,314,65,-16
20231118,2,346,186,65,-21
20231125,3,346,138,72,13
20231128,4,346,163,65,-34
20231202,5,346,202,65,1
20231206,6,346,48,65,3
20231210,7,346,18,72,-14
20231217,8,346,66,65,-12
20231106,0,347,65,72,23
20231110,1,347,267,65,-3
20231116,2,347,328,78,-7
20231117,3,347,238,78,10
20231119,4,347,114,78,-6
20231124,5,347,38,72,15
20231129,6,347,266,72,11
20231206,7,347,171,72,19
20231209,8,347,138,72,24
20231218,9,347,54,72,29
20231221,10,347,161,72,23
20231106,0,330,13,72,34
20231109,1,330,150,72,8
20231112,2,330,294,72,-7
20231117,3,330,360,78,3
20231119,4,330,182,78,-3
20231128,5,330,254,72,27
20231202,6,330,46,78,-5
20231205,7,330,133,72,24
20231209,8,330,81,72,5
20231217,9,330,185,65,1
20231221,10,330,64,72,7
20231106,0,348,270,72,25
20231110,1,348,160,72,18
20231118,2,348,129,78,-12
20231119,3,348,314,78,21
20231124,4,348,338,72,40
20231127,5,348,64,72,10
20231202,6,348,159,72,10
20231206,7,348,253,72,37
20231210,8,348,82,72,18
20231216,9,348,184,78,-8
20231221,10,348,16,78,5
20231112,0,349,178,65,4
20231117,1,349,75,78,-1
20231118,2,349,361,78,10
20231119,3,349,43,78,-2
20231205,4,349,339,65,-16
20231209,5,349,27,72,28
20231213,6,349,294,65,-17
20231216,7,349,334,65,13
20231228,8,349,290,72,30
20231106,0,350,131,72,8
20231110,1,350,132,72,-8
20231114,2,350,98,72,13
20231120,3,350,194,78,-12
20231122,4,350,329,78,-2
20231126,5,350,13,72,4
20231201,6,350,175,72,-6
20231206,7,350,312,72,-17
20231209,8,350,56,72,6
20231216,9,350,282,78,-8
20231220,10,350,168,72,-1
20231223,11,350,327,72,10
20231111,0,351,308,65,10
20231113,1,351,128,65,2
20231118,2,351,123,72,2
20231126,3,351,297,72,18
20231128,4,351,210,65,4
20231202,5,351,75,65,-5
20231205,6,351,86,65,-26
20231209,7,351,298,72,15
20231216,8,351,320,65,17
20231219,9,351,341,65,1
20231106,0,352,235,65,-10
20231108,1,352,194,65,-37
20231117,2,352,195,72,8
20231121,3,352,340,65,-7
20231124,4,352,271,65,-32
20231127,5,352,332,65,-22
20231203,6,352,321,72,-2
20231209,7,352,331,65,9
20231220,8,352,256,65,11
20231109,0,353,355,65,-10
20231114,1,353,137,65,5
20231124,2,353,19,78,7
20231125,3,353,35,78,-8
20231126,4,353,298,78,-10
20231203,5,353,62,72,10
20231209,6,353,201,65,17
20231212,7,353,359,65,7
20231216,8,353,10,72,1
20231219,9,353,26,65,3
20231106,0,354,146,72,-4
20231111,1,354,80,72,-7
20231114,2,354,152,65,-4
20231119,3,354,221,65,-17
20231124,4,354,191,78,1
20231125,5,354,124,78,6
20231201,6,354,326,72,-14
20231205,7,354,308,65,-21
20231209,8,354,362,72,-4
20231216,9,354,272,65,-21
20231221,10,354,41,65,-13
20231106,0,355,111,72,17
20231109,1,355,353,72,10
20231116,2,355,42,65,9
20231117,3,355,109,78,-17
20231119,4,355,177,78,19
20231125,5,355,142,72,13
20231129,6,355,315,72,12
20231203,7,355,288,65,-10
20231209,8,355,189,78,-10
20231216,9,355,192,72,1
20231221,10,355,101,78,-9
20231109,0,219,5,72,19
20231111,1,219,220,65,-6
20231116,2,219,291,78,-6
20231117,3,219,241,65,-9
20231119,4,219,110,78,-11
20231125,5,219,280,72,15
20231128,6,219,142,65,-34
20231202,7,219,315,65,-19
20231206,8,219,155,72,5
20231221,9,219,158,65,-12
20231106,0,357,40,65,-22
20231111,1,357,56,72,-2
20231117,2,357,45,72,38
20231118,3,357,94,72,13
20231119,4,357,65,72,8
20231124,5,357,267,65,-9
20231202,6,357,42,65,3
20231205,7,357,166,72,6
20231210,8,357,247,65,17
20231216,9,357,360,65,-16
20231219,10,357,319,65,-10
20231222,11,357,72,65,-6
20231106,0,332,8,72,29
20231110,1,332,230,72,-10
20231114,2,332,163,65,-13
20231117,3,332,170,72,10
20231120,4,332,329,78,24
20231122,5,332,194,78,8
20231127,6,332,352,72,22
20231202,7,332,121,72,11
20231205,8,332,127,65,13
20231209,9,332,245,65,-25
20231214,10,332,98,72,15
20231222,11,332,39,72,27
20231111,0,358,86,72,1
20231114,1,358,230,65,-21
20231119,2,358,345,65,-22
20231124,3,358,35,78,-9
20231125,4,358,298,78,-3
20231126,5,358,111,78,-7
20231202,6,358,128,65,10
20231206,7,358,75,65,15
20231209,8,358,42,65,8
20231220,9,358,154,65,-6
20231110,0,359,46,65,-28
20231114,1,359,327,72,-1
20231116,2,359,93,65,-9
20231120,3,359,275,78,6
20231121,4,359,87,78,-9
20231122,5,359,91,78,25
20231129,6,359,94,72,29
20231202,7,359,52,65,-9
20231212,8,359,353,72,-7
20231219,9,359,126,72,10
20231229,10,359,331,65,-11
20231111,0,334,27,72,14
20231116,1,334,177,78,-10
20231117,2,334,44,78,7
20231119,3,334,74,78,7
20231126,4,334,233,65,-23
20231201,5,334,313,65,-11
20231209,6,334,203,72,8
20231216,7,334,349,72,-13
20231220,8,334,189,78,13
20231221,9,334,234,65,-11
20231106,0,360,170,72,14
20231110,1,360,99,72,23
20231113,2,360,164,65,-12
20231117,3,360,330,78,-3
20231119,4,360,178,78,17
20231124,5,360,23,72,25
20231127,6,360,153,72,-2
20231201,7,360,269,72,-6
20231205,8,360,262,72,-7
20231209,9,360,258,72,5
20231216,10,360,357,72,16
20231220,11,360,175,65,-15
20231223,12,360,186,72,20
20231110,0,361,81,65,-15
20231112,1,361,116,65,3
20231117,2,361,43,78,18
20231118,3,361,349,78,-10
20231119,4,361,75,78,1
20231126,5,361,314,65,-4
20231129,6,361,202,72,8
20231202,7,361,237,65,-1
20231206,8,361,66,72,-4
20231211,9,361,167,65,7
20231222,10,361,273,65,-15
20231106,0,362,275,65,-10
20231110,1,362,286,65,-30
20231117,2,362,338,72,7
20231124,3,362,261,65,-8
20231129,4,362,41,72,25
20231202,5,362,170,65,14
20231206,6,362,222,65,6
20231209,7,362,354,65,4
20231221,8,362,243,72,10
